-- BamStar 최종 테스트 데이터 INSERT 문
-- 생성일: 2025-08-30 21:13:17
-- 기존 attributes 데이터 활용

-- 1. users 테이블 데이터
INSERT INTO users (id, role_id, ci, is_adult, email, phone, created_at, profile_img, nickname, last_sign_in, updated_at) VALUES
('c3d068ec-9928-42e0-9d5d-b71949e873cc', 2, NULL, true, 'bamstar001@example.com', '010-6325-3731', '2025-06-29T21:13:17.990500', 'https://picsum.photos/300/300?random=3947', '스타#1', '2025-08-24T21:13:17.990508', '2025-08-30T21:13:17.990511'),
('3d832678-75d3-424f-b633-abd028f2070b', 2, NULL, true, 'bamstar002@example.com', '010-4154-6717', '2025-05-19T21:13:17.990521', 'https://picsum.photos/300/300?random=8251', '스타#2', '2025-08-27T21:13:17.990524', '2025-08-30T21:13:17.990525'),
('5f3c0d83-8bbd-447e-87d3-251292a4d7ab', 2, NULL, true, 'bamstar003@example.com', '010-3357-6061', '2025-07-03T21:13:17.990533', 'https://picsum.photos/300/300?random=8338', '스타#3', '2025-08-23T21:13:17.990536', '2025-08-30T21:13:17.990538'),
('b068c20f-28cf-4574-9a1c-64bd38d6214a', 3, NULL, true, 'bamstar004@example.com', '010-6122-9271', '2025-07-20T21:13:17.990544', 'https://picsum.photos/300/300?random=3937', '플레이스#4', '2025-08-26T21:13:17.990547', '2025-08-30T21:13:17.990549'),
('91660768-0205-40e3-be5e-f93d951eeb3b', 1, NULL, true, 'bamstar005@example.com', '010-1189-3510', '2025-03-11T21:13:17.990555', 'https://picsum.photos/300/300?random=7367', '게스트#5', '2025-08-27T21:13:17.990558', '2025-08-30T21:13:17.990559'),
('3968363d-6057-438f-8e7f-ce9305a31e64', 2, NULL, true, 'bamstar006@example.com', '010-3476-3528', '2025-04-01T21:13:17.990566', 'https://picsum.photos/300/300?random=1162', '스타#6', '2025-08-28T21:13:17.990568', '2025-08-30T21:13:17.990570'),
('ae9d5047-3228-4d0f-80e1-7cd64f4c206b', 1, NULL, true, 'bamstar007@example.com', '010-7407-1136', '2025-05-06T21:13:17.990576', 'https://picsum.photos/300/300?random=9202', '게스트#7', '2025-08-26T21:13:17.990578', '2025-08-30T21:13:17.990580'),
('79781150-d2c0-4cba-afef-41ab5912b863', 2, NULL, true, 'bamstar008@example.com', '010-5833-7444', '2025-07-01T21:13:17.990586', 'https://picsum.photos/300/300?random=1672', '스타#8', '2025-08-24T21:13:17.990589', '2025-08-30T21:13:17.990590'),
('c2c8d86f-3076-4911-9947-e1aba3d0b08d', 3, NULL, true, 'bamstar009@example.com', '010-9148-9097', '2025-04-19T21:13:17.990596', 'https://picsum.photos/300/300?random=5316', '플레이스#9', '2025-08-29T21:13:17.990599', '2025-08-30T21:13:17.990600'),
('971afbff-d848-4b52-a5fa-f168b2de46ac', 3, NULL, true, 'bamstar010@example.com', '010-8909-5109', '2025-05-07T21:13:17.990606', 'https://picsum.photos/300/300?random=9163', '플레이스#10', '2025-08-27T21:13:17.990609', '2025-08-30T21:13:17.990610'),
('635b7186-720b-4379-850c-24cec47442c0', 3, NULL, true, 'bamstar011@example.com', '010-3152-4962', '2025-07-26T21:13:17.990616', 'https://picsum.photos/300/300?random=9071', '플레이스#11', '2025-08-27T21:13:17.990619', '2025-08-30T21:13:17.990620'),
('070a2f35-e7c7-471a-8b5d-e6c4ea14bb47', 3, NULL, true, 'bamstar012@example.com', '010-9754-2715', '2025-07-21T21:13:17.990627', 'https://picsum.photos/300/300?random=2646', '플레이스#12', '2025-08-23T21:13:17.990629', '2025-08-30T21:13:17.990631'),
('942dbc91-10ce-44b8-a8a2-732fdf6c5a99', 2, NULL, true, 'bamstar013@example.com', '010-9315-8202', '2025-03-30T21:13:17.990637', 'https://picsum.photos/300/300?random=6312', '스타#13', '2025-08-28T21:13:17.990639', '2025-08-30T21:13:17.990641'),
('6b33fe78-258f-4f91-bf6b-cecfedd048ce', 3, NULL, true, 'bamstar014@example.com', '010-9380-2516', '2025-08-01T21:13:17.990646', 'https://picsum.photos/300/300?random=3604', '플레이스#14', '2025-08-29T21:13:17.990649', '2025-08-30T21:13:17.990650'),
('56eace97-e8d4-4515-b88a-067a1f78aa23', 1, NULL, true, 'bamstar015@example.com', '010-8674-4189', '2025-06-02T21:13:17.990656', 'https://picsum.photos/300/300?random=1195', '게스트#15', '2025-08-24T21:13:17.990658', '2025-08-30T21:13:17.990660'),
('592bae7c-9688-45ef-8ddb-0a8180c228f4', 3, NULL, true, 'bamstar016@example.com', '010-6881-5076', '2025-05-28T21:13:17.990666', 'https://picsum.photos/300/300?random=7708', '플레이스#16', '2025-08-27T21:13:17.990668', '2025-08-30T21:13:17.990670'),
('3dfa81f4-ae21-445b-bdd3-7cc0a2cce82d', 1, NULL, true, 'bamstar017@example.com', '010-1192-3515', '2025-03-22T21:13:17.990676', 'https://picsum.photos/300/300?random=7413', '게스트#17', '2025-08-25T21:13:17.990678', '2025-08-30T21:13:17.990679'),
('d172fa27-9d81-47cb-823f-e05d4e75c0a0', 2, NULL, true, 'bamstar018@example.com', '010-1708-9460', '2025-03-04T21:13:17.990685', 'https://picsum.photos/300/300?random=5297', '스타#18', '2025-08-27T21:13:17.990688', '2025-08-30T21:13:17.990689'),
('61867788-1fc3-4487-a07e-c047a326a5f8', 3, NULL, true, 'bamstar019@example.com', '010-1774-2198', '2025-07-24T21:13:17.990695', 'https://picsum.photos/300/300?random=6698', '플레이스#19', '2025-08-27T21:13:17.990699', '2025-08-30T21:13:17.990701'),
('1129d81f-3254-4396-9800-1968f796125e', 2, NULL, true, 'bamstar020@example.com', '010-3249-5955', '2025-04-18T21:13:17.990707', 'https://picsum.photos/300/300?random=3996', '스타#20', '2025-08-25T21:13:17.990709', '2025-08-30T21:13:17.990711'),
('351c5b29-4364-4822-aa7c-562d4048ddb6', 3, NULL, true, 'bamstar021@example.com', '010-7409-5685', '2025-04-23T21:13:17.990716', 'https://picsum.photos/300/300?random=8493', '플레이스#21', '2025-08-26T21:13:17.990719', '2025-08-30T21:13:17.990720'),
('6f6034cd-d7d4-4a34-8add-e0cfc5fa0687', 2, NULL, true, 'bamstar022@example.com', '010-8460-9697', '2025-05-27T21:13:17.990726', 'https://picsum.photos/300/300?random=9365', '스타#22', '2025-08-28T21:13:17.990728', '2025-08-30T21:13:17.990730'),
('b6403a81-db7f-4fdd-a375-b774c5c4ba93', 1, NULL, true, 'bamstar023@example.com', '010-2202-4793', '2025-08-13T21:13:17.990735', 'https://picsum.photos/300/300?random=8158', '게스트#23', '2025-08-28T21:13:17.990738', '2025-08-30T21:13:17.990739'),
('25ebe5ba-a574-4227-bbd4-751c40f56f28', 2, NULL, true, 'bamstar024@example.com', '010-7670-3831', '2025-07-12T21:13:17.990745', 'https://picsum.photos/300/300?random=4999', '스타#24', '2025-08-25T21:13:17.990747', '2025-08-30T21:13:17.990749'),
('89382762-73d7-4b34-8374-4b01d1963610', 1, NULL, true, 'bamstar025@example.com', '010-2461-4202', '2025-06-20T21:13:17.990756', 'https://picsum.photos/300/300?random=4395', '게스트#25', '2025-08-30T21:13:17.990758', '2025-08-30T21:13:17.990760'),
('99703a13-d50d-431b-bf39-4cf3d303ec43', 1, NULL, true, 'bamstar026@example.com', '010-4300-2046', '2025-07-21T21:13:17.990766', 'https://picsum.photos/300/300?random=1135', '게스트#26', '2025-08-24T21:13:17.990768', '2025-08-30T21:13:17.990770'),
('f3acc83e-528b-4171-a4ca-c3e904f9543b', 3, NULL, true, 'bamstar027@example.com', '010-8974-8050', '2025-05-13T21:13:17.990775', 'https://picsum.photos/300/300?random=3261', '플레이스#27', '2025-08-26T21:13:17.990778', '2025-08-30T21:13:17.990779'),
('009d86de-7f5b-45d8-bc69-6aa45eb20c52', 2, NULL, true, 'bamstar028@example.com', '010-5058-9377', '2025-05-24T21:13:17.990785', 'https://picsum.photos/300/300?random=1412', '스타#28', '2025-08-28T21:13:17.990787', '2025-08-30T21:13:17.990789'),
('77ce7434-c2ee-4010-aa21-ed1c78e2555b', 2, NULL, true, 'bamstar029@example.com', '010-1565-2284', '2025-05-19T21:13:17.990794', 'https://picsum.photos/300/300?random=4116', '스타#29', '2025-08-27T21:13:17.990797', '2025-08-30T21:13:17.990798'),
('49eb3f04-e1e7-4f14-8a91-ef998a43b1db', 1, NULL, true, 'bamstar030@example.com', '010-9250-9165', '2025-08-01T21:13:17.990804', 'https://picsum.photos/300/300?random=3931', '게스트#30', '2025-08-27T21:13:17.990806', '2025-08-30T21:13:17.990808'),
('cb12040a-e746-43bd-b7ed-57d52477a4c7', 1, NULL, true, 'bamstar031@example.com', '010-7268-4439', '2025-05-12T21:13:17.990813', 'https://picsum.photos/300/300?random=4813', '게스트#31', '2025-08-25T21:13:17.990816', '2025-08-30T21:13:17.990817'),
('d3f256ca-8b81-4e86-a90a-4fd2eb4ba7f8', 3, NULL, true, 'bamstar032@example.com', '010-3153-4420', '2025-08-11T21:13:17.990823', 'https://picsum.photos/300/300?random=4885', '플레이스#32', '2025-08-25T21:13:17.990825', '2025-08-30T21:13:17.990827'),
('939b6b2b-cf1c-4fbb-8e73-cd42e86f4d72', 1, NULL, true, 'bamstar033@example.com', '010-9317-1117', '2025-04-03T21:13:17.990832', 'https://picsum.photos/300/300?random=2445', '게스트#33', '2025-08-23T21:13:17.990835', '2025-08-30T21:13:17.990836'),
('09aabd19-21d8-4f90-8281-5dd998fbabc6', 1, NULL, true, 'bamstar034@example.com', '010-4769-2031', '2025-08-25T21:13:17.990842', 'https://picsum.photos/300/300?random=2480', '게스트#34', '2025-08-27T21:13:17.990845', '2025-08-30T21:13:17.990846'),
('cd994370-4179-47ae-9cf5-2fab7a0ef13f', 2, NULL, true, 'bamstar035@example.com', '010-9983-2947', '2025-04-02T21:13:17.990852', 'https://picsum.photos/300/300?random=7634', '스타#35', '2025-08-24T21:13:17.990854', '2025-08-30T21:13:17.990856'),
('fa860784-96b7-4ea2-9c5a-496d9941da9f', 1, NULL, true, 'bamstar036@example.com', '010-9404-5091', '2025-05-07T21:13:17.990863', 'https://picsum.photos/300/300?random=7025', '게스트#36', '2025-08-28T21:13:17.990865', '2025-08-30T21:13:17.990867'),
('cb55e42f-7a38-4095-ad86-2a8ac9a19827', 2, NULL, true, 'bamstar037@example.com', '010-7151-2167', '2025-04-18T21:13:17.990872', 'https://picsum.photos/300/300?random=8046', '스타#37', '2025-08-25T21:13:17.990875', '2025-08-30T21:13:17.990876'),
('4c9acfb4-d363-4581-a6bc-0cfa154273aa', 1, NULL, true, 'bamstar038@example.com', '010-3971-1604', '2025-04-22T21:13:17.990882', 'https://picsum.photos/300/300?random=6780', '게스트#38', '2025-08-27T21:13:17.990884', '2025-08-30T21:13:17.990886'),
('57296b46-8e64-44d5-8667-13bf996aedd5', 2, NULL, true, 'bamstar039@example.com', '010-3372-3899', '2025-04-07T21:13:17.990892', 'https://picsum.photos/300/300?random=8184', '스타#39', '2025-08-27T21:13:17.990894', '2025-08-30T21:13:17.990896'),
('aa47b334-c3c2-43fd-a435-069771fed2aa', 1, NULL, true, 'bamstar040@example.com', '010-2320-2925', '2025-06-25T21:13:17.990901', 'https://picsum.photos/300/300?random=6559', '게스트#40', '2025-08-27T21:13:17.990904', '2025-08-30T21:13:17.990905'),
('3a5db46d-1f86-4311-8eb8-721574827e69', 3, NULL, true, 'bamstar041@example.com', '010-4927-8536', '2025-06-30T21:13:17.990911', 'https://picsum.photos/300/300?random=8169', '플레이스#41', '2025-08-27T21:13:17.990913', '2025-08-30T21:13:17.990915'),
('625e6ee4-13bb-4588-be71-56c147ab420a', 2, NULL, true, 'bamstar042@example.com', '010-6037-9302', '2025-08-14T21:13:17.990920', 'https://picsum.photos/300/300?random=4877', '스타#42', '2025-08-26T21:13:17.990923', '2025-08-30T21:13:17.990924'),
('92c7088a-b786-4b8f-ad81-fd856036060b', 3, NULL, true, 'bamstar043@example.com', '010-4934-9862', '2025-07-21T21:13:17.990930', 'https://picsum.photos/300/300?random=4092', '플레이스#43', '2025-08-29T21:13:17.990932', '2025-08-30T21:13:17.990934'),
('cb919892-131a-43d3-8c00-c8d2b3ccb352', 3, NULL, true, 'bamstar044@example.com', '010-1659-9547', '2025-07-17T21:13:17.990939', 'https://picsum.photos/300/300?random=3175', '플레이스#44', '2025-08-27T21:13:17.990942', '2025-08-30T21:13:17.990944'),
('c928443e-a395-45c3-8877-10a95fa3ca71', 3, NULL, true, 'bamstar045@example.com', '010-4837-7730', '2025-08-18T21:13:17.990949', 'https://picsum.photos/300/300?random=2583', '플레이스#45', '2025-08-24T21:13:17.990952', '2025-08-30T21:13:17.990953'),
('7fe47825-0733-4762-a2e3-5e7a73b1985c', 2, NULL, true, 'bamstar046@example.com', '010-1432-6171', '2025-04-27T21:13:17.990959', 'https://picsum.photos/300/300?random=6340', '스타#46', '2025-08-24T21:13:17.990961', '2025-08-30T21:13:17.990963'),
('d35f9776-7d20-4709-8338-3d7384f1c254', 2, NULL, true, 'bamstar047@example.com', '010-2615-3467', '2025-06-12T21:13:17.990969', 'https://picsum.photos/300/300?random=9959', '스타#47', '2025-08-24T21:13:17.990971', '2025-08-30T21:13:17.990972'),
('42c408d7-1bfe-49cf-82aa-499945b28a2f', 3, NULL, true, 'bamstar048@example.com', '010-7284-2831', '2025-05-01T21:13:17.990978', 'https://picsum.photos/300/300?random=5455', '플레이스#48', '2025-08-28T21:13:17.990980', '2025-08-30T21:13:17.990982'),
('2fc3562b-b3a8-41dd-ba73-7fc08a408082', 3, NULL, true, 'bamstar049@example.com', '010-6207-7595', '2025-04-13T21:13:17.990987', 'https://picsum.photos/300/300?random=4205', '플레이스#49', '2025-08-28T21:13:17.990990', '2025-08-30T21:13:17.990991'),
('ea1d399f-5934-4b88-8d75-120ea5268270', 3, NULL, true, 'bamstar050@example.com', '010-2925-6008', '2025-08-16T21:13:17.990997', 'https://picsum.photos/300/300?random=6718', '플레이스#50', '2025-08-23T21:13:17.990999', '2025-08-30T21:13:17.991001'),
('d3869655-7b5a-43ad-91a0-9a5bd9d9c9f3', 1, NULL, true, 'bamstar051@example.com', '010-4122-3766', '2025-08-04T21:13:17.991006', 'https://picsum.photos/300/300?random=6139', '게스트#51', '2025-08-29T21:13:17.991009', '2025-08-30T21:13:17.991010'),
('967a8a5e-d7cd-42df-a69f-333a2f013910', 2, NULL, true, 'bamstar052@example.com', '010-8625-4029', '2025-07-24T21:13:17.991016', 'https://picsum.photos/300/300?random=9963', '스타#52', '2025-08-28T21:13:17.991018', '2025-08-30T21:13:17.991020'),
('d4c705d8-9811-4439-a703-668fe20cdbea', 2, NULL, true, 'bamstar053@example.com', '010-4059-4028', '2025-07-18T21:13:17.991030', 'https://picsum.photos/300/300?random=7829', '스타#53', '2025-08-29T21:13:17.991032', '2025-08-30T21:13:17.991034'),
('7ca318f6-f4dd-438e-a800-cbb3a260f4f4', 2, NULL, true, 'bamstar054@example.com', '010-9103-6698', '2025-08-19T21:13:17.991039', 'https://picsum.photos/300/300?random=8165', '스타#54', '2025-08-29T21:13:17.991042', '2025-08-30T21:13:17.991043'),
('747d25a6-4627-4ce6-b7f1-0146c19ca171', 1, NULL, true, 'bamstar055@example.com', '010-2806-6495', '2025-03-31T21:13:17.991049', 'https://picsum.photos/300/300?random=8222', '게스트#55', '2025-08-26T21:13:17.991051', '2025-08-30T21:13:17.991053'),
('a8db94c5-0cbc-4730-9b52-a59fd83ee67f', 2, NULL, true, 'bamstar056@example.com', '010-3089-8039', '2025-08-03T21:13:17.991059', 'https://picsum.photos/300/300?random=2590', '스타#56', '2025-08-29T21:13:17.991061', '2025-08-30T21:13:17.991062'),
('c5e9b06b-2309-4eb7-a440-8c1acd45ab1b', 2, NULL, true, 'bamstar057@example.com', '010-9788-2797', '2025-05-15T21:13:17.991068', 'https://picsum.photos/300/300?random=2419', '스타#57', '2025-08-26T21:13:17.991070', '2025-08-30T21:13:17.991072'),
('87738c03-d57d-41ef-840a-7680bf53d21d', 2, NULL, true, 'bamstar058@example.com', '010-7658-9748', '2025-03-24T21:13:17.991077', 'https://picsum.photos/300/300?random=1469', '스타#58', '2025-08-28T21:13:17.991080', '2025-08-30T21:13:17.991081'),
('840fb47a-e458-4145-bd3f-1e63208b189d', 1, NULL, true, 'bamstar059@example.com', '010-3713-4064', '2025-04-06T21:13:17.991087', 'https://picsum.photos/300/300?random=5325', '게스트#59', '2025-08-29T21:13:17.991089', '2025-08-30T21:13:17.991090'),
('9b8ce793-2ffe-47bb-a93f-ff5601aff2c1', 1, NULL, true, 'bamstar060@example.com', '010-9581-8152', '2025-05-28T21:13:17.991096', 'https://picsum.photos/300/300?random=1509', '게스트#60', '2025-08-26T21:13:17.991098', '2025-08-30T21:13:17.991100');

-- 2. member_profiles 테이블 데이터
INSERT INTO member_profiles (user_id, real_name, gender, contact_phone, profile_image_urls, social_links, bio, experience_level, desired_pay_type, desired_pay_amount, desired_working_days, available_from, can_relocate, level, experience_points, title, updated_at, age, matching_conditions, business_verification_id, is_business_verified, business_verification_level, business_verified_at) VALUES
('c3d068ec-9928-42e0-9d5d-b71949e873cc', '최예은', 'MALE', '010-3910-4921', '{"https://picsum.photos/400/500?random=2796","https://picsum.photos/400/500?random=7883"}', '{"service": "\uce74\uce74\uc624\ud1a1", "handle": "star715"}', 'senior 레벨의 전문 서비스를 제공합니다.', 'SENIOR', 'MONTHLY', 4896465, '{일,화,수,월}', NULL, true, 7, 3138, '새로운 스타', '2025-08-30T21:13:17.991152', 29, '{"MUST_HAVE": ["\ubaa8\ub358 \ubc14", "\ud1a0\ud06c \ubc14", "\uac00\ub4dc", "\ub9e4\ub2c8\uc800", "BJ", "\ud398\uc774: TC 6921906\uc6d0", "\uadfc\ubb34\uc77c: \uc6d4, \uc77c, \uae08, \ud1a0, \ubaa9", "\uacbd\ub825: senior"], "PEOPLE": {"team_dynamics": [], "communication_style": ["\ub300\ud654\ub9ac\ub4dc", "\uae0d\uc815\uc801", "\ucc28\ubd84\ud568"]}, "ENVIRONMENT": {"workplace_features": ["\ucd08\ubcf4\ud658\uc601", "\ud143\uc138\uc5c6\uc74c", "\uac00\uc871\uac19\uc740", "\uc220\uac15\uc694\uc5c6\uc74c", "\uc778\uc13c\ud2f0\ube0c", "\uc758\uc0c1/\uc720\ub2c8\ud3fc"], "location_preferences": ["\uc7a0\uc2e4\u00b7\uc1a1\ud30c\u00b7\uac15\ub3d9", "\uac15\ub0a8\u00b7\uc11c\ucd08"]}, "AVOID": []}', NULL, false, 'none', NULL),
('3d832678-75d3-424f-b633-abd028f2070b', '서지민', 'MALE', '010-5406-1561', '{"https://picsum.photos/400/500?random=2761","https://picsum.photos/400/500?random=6284"}', '{"service": "\uc778\uc2a4\ud0c0\uadf8\ub7a8", "handle": "star590"}', 'professional 레벨의 전문 서비스를 제공합니다.', 'PROFESSIONAL', 'TC', 6007560, '{월,목,토}', NULL, true, 4, 3988, '새로운 스타', '2025-08-30T21:13:17.991177', 28, '{"MUST_HAVE": ["\uc774\ubca4\ud2b8", "\uce90\uc8fc\uc5bc \ud38d", "\uac00\ub77c\uc624\ucf00", "\uc2e4\uc7a5", "\ud398\uc774: TC 6513137\uc6d0", "\uadfc\ubb34\uc77c: \uae08, \ud654, \uc77c", "\uacbd\ub825: professional"], "PEOPLE": {"team_dynamics": [], "communication_style": ["\ub300\ud654\ub9ac\ub4dc"]}, "ENVIRONMENT": {"workplace_features": ["\uc790\uc720\ubcf5\uc7a5", "\ud30c\ud2f0\ubd84\uc704\uae30", "\ud1f4\uc9c1\uae08", "\uc219\uc18c \uc81c\uacf5"], "location_preferences": ["\uac15\ub0a8\u00b7\uc11c\ucd08", "\uc885\ub85c\u00b7\uc911\uad6c"]}, "AVOID": []}', NULL, false, 'none', NULL),
('5f3c0d83-8bbd-447e-87d3-251292a4d7ab', '김지유', 'MALE', '010-7720-1269', '{"https://picsum.photos/400/500?random=5639","https://picsum.photos/400/500?random=6032"}', '{"service": "\uc778\uc2a4\ud0c0\uadf8\ub7a8", "handle": "star785"}', 'senior 레벨의 전문 서비스를 제공합니다.', 'SENIOR', 'MONTHLY', 4990021, '{일,월,금,화,목}', NULL, true, 8, 1941, '새로운 스타', '2025-08-30T21:13:17.991201', 30, '{"MUST_HAVE": ["\ub77c\uc774\ube0c \ubc29\uc1a1", "\uce90\uc8fc\uc5bc \ud38d", "\ud14c\ub77c\ud53c", "\uc2e4\uc7a5", "\uc8fc\ubc29", "\ub9e4\ub2c8\uc800", "\ud398\uc774: TC 4676501\uc6d0", "\uadfc\ubb34\uc77c: \uae08, \ubaa9, \uc6d4", "\uacbd\ub825: senior"], "PEOPLE": {"team_dynamics": [], "communication_style": ["\ucc28\ubd84\ud568"]}, "ENVIRONMENT": {"workplace_features": ["\ud30c\ud2f0\ubd84\uc704\uae30", "\uc790\uc720\ubcf5\uc7a5", "\ud143\uc138\uc5c6\uc74c", "\ud5e4\uc5b4/\uba54\uc774\ud06c\uc5c5", "\uc8fc\ucc28 \uc9c0\uc6d0"], "location_preferences": ["\ub300\ud559\ub85c\u00b7\uc131\ubd81\u00b7\ub3d9\ub300\ubb38", "\uc7a0\uc2e4\u00b7\uc1a1\ud30c\u00b7\uac15\ub3d9", "\ud64d\ub300\u00b7\ud569\uc815\u00b7\ub9c8\ud3ec\u00b7\uc11c\ub300\ubb38"]}, "AVOID": []}', NULL, false, 'none', NULL),
('3968363d-6057-438f-8e7f-ce9305a31e64', '이민준', 'FEMALE', '010-4712-9302', '{"https://picsum.photos/400/500?random=4183","https://picsum.photos/400/500?random=3558"}', '{"service": "\uce74\uce74\uc624\ud1a1", "handle": "star364"}', 'senior 레벨의 전문 서비스를 제공합니다.', 'SENIOR', 'TC', 4667564, '{일,월,토,목,화}', NULL, true, 7, 1587, '새로운 스타', '2025-08-30T21:13:17.991226', 29, '{"MUST_HAVE": ["\ud14c\ub77c\ud53c", "\ubaa8\ub358 \ubc14", "\ud1a0\ud06c \ubc14", "\uac00\ub77c\uc624\ucf00", "\uac00\ub4dc", "\ud398\uc774: TC 6245797\uc6d0", "\uadfc\ubb34\uc77c: \ud654, \uae08, \uc218", "\uacbd\ub825: senior"], "PEOPLE": {"team_dynamics": [], "communication_style": ["\ud65c\ubc1c\ud568", "\uae0d\uc815\uc801"]}, "ENVIRONMENT": {"workplace_features": ["\uc220\uac15\uc694\uc5c6\uc74c", "\uac00\uc871\uac19\uc740", "\uc131\ud615 \uc9c0\uc6d0", "\uc219\uc18c \uc81c\uacf5"], "location_preferences": ["\uc601\ub4f1\ud3ec\u00b7\uc5ec\uc758\ub3c4\u00b7\uac15\uc11c", "\ud64d\ub300\u00b7\ud569\uc815\u00b7\ub9c8\ud3ec\u00b7\uc11c\ub300\ubb38", "\uc7a0\uc2e4\u00b7\uc1a1\ud30c\u00b7\uac15\ub3d9"]}, "AVOID": []}', NULL, false, 'none', NULL),
('79781150-d2c0-4cba-afef-41ab5912b863', '강윤서', 'FEMALE', '010-8268-2957', '{"https://picsum.photos/400/500?random=3685","https://picsum.photos/400/500?random=6974"}', '{"service": "\uce74\uce74\uc624\ud1a1", "handle": "star901"}', 'senior 레벨의 전문 서비스를 제공합니다.', 'SENIOR', 'MONTHLY', 3999244, '{수,월,일,목,금,토}', NULL, true, 2, 4187, '새로운 스타', '2025-08-30T21:13:17.991253', 26, '{"MUST_HAVE": ["\ud1a0\ud06c \ubc14", "\uce90\uc8fc\uc5bc \ud38d", "\uc2e4\uc7a5", "\ud398\uc774: TC 5437385\uc6d0", "\uadfc\ubb34\uc77c: \uc218, \uae08, \ubaa9", "\uacbd\ub825: senior"], "PEOPLE": {"team_dynamics": [], "communication_style": ["\uc131\uc2e4\ud568"]}, "ENVIRONMENT": {"workplace_features": ["\ucd08\ubcf4\ud658\uc601", "\ud3b8\uc548\ud55c", "\uc2dd\uc0ac \uc81c\uacf5", "\uc120\ubd88/\ub9c8\uc774\ud0b9"], "location_preferences": ["\uac15\ub0a8\u00b7\uc11c\ucd08"]}, "AVOID": []}', NULL, false, 'none', NULL),
('942dbc91-10ce-44b8-a8a2-732fdf6c5a99', '강시우', 'MALE', '010-6018-1006', '{"https://picsum.photos/400/500?random=8737","https://picsum.photos/400/500?random=2924"}', '{"service": "\uce74\uce74\uc624\ud1a1", "handle": "star878"}', 'professional 레벨의 전문 서비스를 제공합니다.', 'PROFESSIONAL', 'TC', 5095690, '{목,화,월,금,토,일}', NULL, false, 5, 2471, '새로운 스타', '2025-08-30T21:13:17.991278', 28, '{"MUST_HAVE": ["\uce90\uc8fc\uc5bc \ud38d", "\uac00\ub77c\uc624\ucf00", "\ud14c\ub77c\ud53c", "\uc774\ubca4\ud2b8", "\ubc14\ud150\ub354", "\ud398\uc774: TC 5142544\uc6d0", "\uadfc\ubb34\uc77c: \ud1a0, \uc218, \uc77c, \uae08", "\uacbd\ub825: professional"], "PEOPLE": {"team_dynamics": [], "communication_style": ["\ub9ac\uc561\uc158\uc694\uc815", "\uae0d\uc815\uc801", "\uc88b\uc740\ube44\uc728"]}, "ENVIRONMENT": {"workplace_features": ["\uac00\uc871\uac19\uc740", "\ud143\uc138\uc5c6\uc74c", "\uc758\uc0c1/\uc720\ub2c8\ud3fc", "\ud1f4\uc9c1\uae08"], "location_preferences": ["\uad6c\ub85c\u00b7\uad00\uc545\u00b7\ub3d9\uc791", "\uc885\ub85c\u00b7\uc911\uad6c"]}, "AVOID": []}', NULL, false, 'none', NULL),
('d172fa27-9d81-47cb-823f-e05d4e75c0a0', '장지유', 'MALE', '010-3327-2355', '{"https://picsum.photos/400/500?random=2930","https://picsum.photos/400/500?random=5364"}', '{"service": "\uc778\uc2a4\ud0c0\uadf8\ub7a8", "handle": "star140"}', 'professional 레벨의 전문 서비스를 제공합니다.', 'PROFESSIONAL', 'DAILY', 9176833, '{화,토,목}', NULL, true, 3, 4031, '새로운 스타', '2025-08-30T21:13:17.991359', 35, '{"MUST_HAVE": ["\ud14c\ub77c\ud53c", "\ub77c\uc774\ube0c \ubc29\uc1a1", "\uac00\ub4dc", "\ubc14\ud150\ub354", "\uc2e4\uc7a5", "\ud398\uc774: TC 6934334\uc6d0", "\uadfc\ubb34\uc77c: \uc77c, \uc218, \ud1a0", "\uacbd\ub825: professional"], "PEOPLE": {"team_dynamics": [], "communication_style": ["\uae0d\uc815\uc801", "\ub300\ud654\ub9ac\ub4dc", "\ud328\uc158\uc13c\uc2a4"]}, "ENVIRONMENT": {"workplace_features": ["\uc790\uc720\ubcf5\uc7a5", "\uac00\uc871\uac19\uc740", "\uce5c\uad6c\ub791\uac19\uc774", "\uacbd\ub825\uc790\uc6b0\ub300", "\uc120\ubd88/\ub9c8\uc774\ud0b9", "\uc758\uc0c1/\uc720\ub2c8\ud3fc"], "location_preferences": ["\uc885\ub85c\u00b7\uc911\uad6c", "\uac15\ub0a8\u00b7\uc11c\ucd08"]}, "AVOID": []}', NULL, false, 'none', NULL),
('1129d81f-3254-4396-9800-1968f796125e', '오지호', 'MALE', '010-6338-3077', '{"https://picsum.photos/400/500?random=8345","https://picsum.photos/400/500?random=8483"}', '{"service": "\uce74\uce74\uc624\ud1a1", "handle": "star493"}', 'senior 레벨의 전문 서비스를 제공합니다.', 'SENIOR', 'DAILY', 6434690, '{월,토,수,화}', NULL, true, 2, 739, '새로운 스타', '2025-08-30T21:13:17.991385', 31, '{"MUST_HAVE": ["\uc774\ubca4\ud2b8", "\uce74\ud398", "\ub77c\uc774\ube0c \ubc29\uc1a1", "\uac00\ub77c\uc624\ucf00", "\ubc14\ud150\ub354", "\ud398\uc774: TC 6270105\uc6d0", "\uadfc\ubb34\uc77c: \ubaa9, \uc218, \ud654", "\uacbd\ub825: senior"], "PEOPLE": {"team_dynamics": [], "communication_style": ["\uae0d\uc815\uc801", "\ucc28\ubd84\ud568", "\ud65c\ubc1c\ud568"]}, "ENVIRONMENT": {"workplace_features": ["\uacbd\ub825\uc790\uc6b0\ub300", "\uce5c\uad6c\ub791\uac19\uc774", "\ucd08\ubcf4\ud658\uc601", "\uac00\uc871\uac19\uc740", "4\ub300\ubcf4\ud5d8", "\uc758\uc0c1/\uc720\ub2c8\ud3fc"], "location_preferences": ["\ud64d\ub300\u00b7\ud569\uc815\u00b7\ub9c8\ud3ec\u00b7\uc11c\ub300\ubb38", "\uad6c\ub85c\u00b7\uad00\uc545\u00b7\ub3d9\uc791", "\ub300\ud559\ub85c\u00b7\uc131\ubd81\u00b7\ub3d9\ub300\ubb38"]}, "AVOID": []}', NULL, false, 'none', NULL),
('6f6034cd-d7d4-4a34-8add-e0cfc5fa0687', '신시우', 'FEMALE', '010-3378-7508', '{"https://picsum.photos/400/500?random=6987","https://picsum.photos/400/500?random=6598"}', '{"service": "\uce74\uce74\uc624\ud1a1", "handle": "star287"}', 'newbie 레벨의 전문 서비스를 제공합니다.', 'NEWBIE', 'DAILY', 3963227, '{토,화,일,목,수,월}', NULL, false, 2, 1041, '새로운 스타', '2025-08-30T21:13:17.991411', 21, '{"MUST_HAVE": ["\ud1a0\ud06c \ubc14", "\uac00\ub77c\uc624\ucf00", "\uce90\uc8fc\uc5bc \ud38d", "\ubaa8\ub358 \ubc14", "\ub9e4\ub2c8\uc800", "\ubc14\ud150\ub354", "\ud398\uc774: TC 3414202\uc6d0", "\uadfc\ubb34\uc77c: \uc77c, \ud654, \uc218, \ud1a0, \uc6d4", "\uacbd\ub825: newbie"], "PEOPLE": {"team_dynamics": [], "communication_style": ["\ud328\uc158\uc13c\uc2a4", "\uc88b\uc740\ube44\uc728"]}, "ENVIRONMENT": {"workplace_features": ["\uc790\uc720\ubcf5\uc7a5", "\ud3b8\uc548\ud55c", "\ud30c\ud2f0\ubd84\uc704\uae30", "\uac00\uc871\uac19\uc740", "\ub2f9\uc77c\uc9c0\uae09", "\uc131\ud615 \uc9c0\uc6d0", "\uc778\uc13c\ud2f0\ube0c"], "location_preferences": ["\uc7a0\uc2e4\u00b7\uc1a1\ud30c\u00b7\uac15\ub3d9"]}, "AVOID": []}', NULL, false, 'none', NULL),
('25ebe5ba-a574-4227-bbd4-751c40f56f28', '김준우', 'MALE', '010-1824-4673', '{"https://picsum.photos/400/500?random=3596","https://picsum.photos/400/500?random=2464"}', '{"service": "\uc778\uc2a4\ud0c0\uadf8\ub7a8", "handle": "star949"}', 'junior 레벨의 전문 서비스를 제공합니다.', 'JUNIOR', 'DAILY', 5102512, '{토,목,월}', NULL, true, 8, 860, '새로운 스타', '2025-08-30T21:13:17.991434', 25, '{"MUST_HAVE": ["\ud1a0\ud06c \ubc14", "\ubaa8\ub358 \ubc14", "\uc774\ubca4\ud2b8", "\uce74\ud398", "\uc8fc\ubc29", "\ud398\uc774: TC 4030012\uc6d0", "\uadfc\ubb34\uc77c: \ubaa9, \uc77c, \ud654, \ud1a0", "\uacbd\ub825: junior"], "PEOPLE": {"team_dynamics": [], "communication_style": ["\uae0d\uc815\uc801"]}, "ENVIRONMENT": {"workplace_features": ["\ud143\uc138\uc5c6\uc74c", "\uce5c\uad6c\ub791\uac19\uc774", "\uc790\uc720\ubcf5\uc7a5", "\ud1f4\uc9c1\uae08", "\ud5e4\uc5b4/\uba54\uc774\ud06c\uc5c5"], "location_preferences": ["\uc601\ub4f1\ud3ec\u00b7\uc5ec\uc758\ub3c4\u00b7\uac15\uc11c", "\uac74\ub300\u00b7\uc131\uc218\u00b7\uc655\uc2ed\ub9ac", "\ud64d\ub300\u00b7\ud569\uc815\u00b7\ub9c8\ud3ec\u00b7\uc11c\ub300\ubb38"]}, "AVOID": []}', NULL, false, 'none', NULL),
('009d86de-7f5b-45d8-bc69-6aa45eb20c52', '조예은', 'MALE', '010-1055-6047', '{"https://picsum.photos/400/500?random=2227","https://picsum.photos/400/500?random=2452"}', '{"service": "\uce74\uce74\uc624\ud1a1", "handle": "star434"}', 'senior 레벨의 전문 서비스를 제공합니다.', 'SENIOR', 'TC', 4470170, '{화,목,일,금,토}', NULL, true, 8, 144, '새로운 스타', '2025-08-30T21:13:17.991458', 26, '{"MUST_HAVE": ["\uc774\ubca4\ud2b8", "\ud14c\ub77c\ud53c", "BJ", "\ud398\uc774: TC 4422697\uc6d0", "\uadfc\ubb34\uc77c: \uc77c, \uc6d4, \ubaa9, \ud654, \uc218", "\uacbd\ub825: senior"], "PEOPLE": {"team_dynamics": [], "communication_style": ["\uc131\uc2e4\ud568", "\ub9ac\uc561\uc158\uc694\uc815", "\ud328\uc158\uc13c\uc2a4"]}, "ENVIRONMENT": {"workplace_features": ["\ud30c\ud2f0\ubd84\uc704\uae30", "\uacbd\ub825\uc790\uc6b0\ub300", "\uce5c\uad6c\ub791\uac19\uc774", "\ud734\uac00/\uc6d4\ucc28", "\uc131\ud615 \uc9c0\uc6d0"], "location_preferences": ["\ub300\ud559\ub85c\u00b7\uc131\ubd81\u00b7\ub3d9\ub300\ubb38", "\uac15\ub0a8\u00b7\uc11c\ucd08"]}, "AVOID": []}', NULL, false, 'none', NULL),
('77ce7434-c2ee-4010-aa21-ed1c78e2555b', '이준우', 'MALE', '010-4867-8395', '{"https://picsum.photos/400/500?random=8795","https://picsum.photos/400/500?random=2648"}', '{"service": "\uce74\uce74\uc624\ud1a1", "handle": "star517"}', 'professional 레벨의 전문 서비스를 제공합니다.', 'PROFESSIONAL', 'DAILY', 6454868, '{수,토,월,금,화}', NULL, false, 9, 645, '새로운 스타', '2025-08-30T21:13:17.991481', 29, '{"MUST_HAVE": ["\uc774\ubca4\ud2b8", "\ubaa8\ub358 \ubc14", "\ub77c\uc774\ube0c \ubc29\uc1a1", "\uc2a4\ud0ed", "\ub9e4\ub2c8\uc800", "\ud398\uc774: TC 4880206\uc6d0", "\uadfc\ubb34\uc77c: \ubaa9, \uc77c, \uc218, \ud1a0", "\uacbd\ub825: professional"], "PEOPLE": {"team_dynamics": [], "communication_style": ["\ub300\ud654\ub9ac\ub4dc", "\ud65c\ubc1c\ud568"]}, "ENVIRONMENT": {"workplace_features": ["\uac00\uc871\uac19\uc740", "\ud30c\ud2f0\ubd84\uc704\uae30", "\ud143\uc138\uc5c6\uc74c", "\ud1f4\uc9c1\uae08", "\ud5e4\uc5b4/\uba54\uc774\ud06c\uc5c5"], "location_preferences": ["\uac74\ub300\u00b7\uc131\uc218\u00b7\uc655\uc2ed\ub9ac", "\ub178\uc6d0\u00b7\uc911\ub791\u00b7\uac15\ubd81"]}, "AVOID": []}', NULL, false, 'none', NULL),
('cd994370-4179-47ae-9cf5-2fab7a0ef13f', '강시우', 'MALE', '010-9543-5125', '{"https://picsum.photos/400/500?random=3829","https://picsum.photos/400/500?random=5877"}', '{"service": "\uce74\uce74\uc624\ud1a1", "handle": "star972"}', 'professional 레벨의 전문 서비스를 제공합니다.', 'PROFESSIONAL', 'TC', 7520947, '{일,월,금,화}', NULL, true, 9, 440, '새로운 스타', '2025-08-30T21:13:17.991504', 33, '{"MUST_HAVE": ["\ub77c\uc774\ube0c \ubc29\uc1a1", "\ubaa8\ub358 \ubc14", "\ud1a0\ud06c \ubc14", "\ud14c\ub77c\ud53c", "\ubc14\ud150\ub354", "\ud398\uc774: TC 6693370\uc6d0", "\uadfc\ubb34\uc77c: \ud654, \uc77c, \ud1a0", "\uacbd\ub825: professional"], "PEOPLE": {"team_dynamics": [], "communication_style": ["\ud328\uc158\uc13c\uc2a4", "\ucc28\ubd84\ud568"]}, "ENVIRONMENT": {"workplace_features": ["\uacbd\ub825\uc790\uc6b0\ub300", "\ucd08\ubcf4\ud658\uc601", "\uad50\ud1b5\ube44 \uc9c0\uc6d0", "\uc790\uc720 \ucd9c\ud1f4\uadfc"], "location_preferences": ["\uad6c\ub85c\u00b7\uad00\uc545\u00b7\ub3d9\uc791", "\uac74\ub300\u00b7\uc131\uc218\u00b7\uc655\uc2ed\ub9ac"]}, "AVOID": []}', NULL, false, 'none', NULL),
('cb55e42f-7a38-4095-ad86-2a8ac9a19827', '오예준', 'MALE', '010-4863-4149', '{"https://picsum.photos/400/500?random=4675","https://picsum.photos/400/500?random=3259"}', '{"service": "\uc778\uc2a4\ud0c0\uadf8\ub7a8", "handle": "star656"}', 'senior 레벨의 전문 서비스를 제공합니다.', 'SENIOR', 'MONTHLY', 5376522, '{금,수,토,목,일,화}', NULL, false, 8, 1938, '새로운 스타', '2025-08-30T21:13:17.991529', 25, '{"MUST_HAVE": ["\ud1a0\ud06c \ubc14", "\uc774\ubca4\ud2b8", "\uce90\uc8fc\uc5bc \ud38d", "\uc2a4\ud0ed", "\uc8fc\ubc29", "\ubc14\ud150\ub354", "\ud398\uc774: TC 5019249\uc6d0", "\uadfc\ubb34\uc77c: \uc77c, \ubaa9, \uae08, \ud654, \ud1a0", "\uacbd\ub825: senior"], "PEOPLE": {"team_dynamics": [], "communication_style": ["\uc88b\uc740\ube44\uc728", "\uc131\uc2e4\ud568"]}, "ENVIRONMENT": {"workplace_features": ["\ud3b8\uc548\ud55c", "\uace0\uae09\uc2a4\ub7ec\uc6b4", "\ucd08\ubcf4\ud658\uc601", "4\ub300\ubcf4\ud5d8", "\uacbd\uc870\uc0ac\ube44", "\uc131\ud615 \uc9c0\uc6d0"], "location_preferences": ["\ub300\ud559\ub85c\u00b7\uc131\ubd81\u00b7\ub3d9\ub300\ubb38", "\uc6a9\uc0b0\u00b7\uc774\ud0dc\uc6d0\u00b7\ud55c\ub0a8"]}, "AVOID": []}', NULL, false, 'none', NULL),
('57296b46-8e64-44d5-8667-13bf996aedd5', '조윤서', 'FEMALE', '010-9047-1678', '{"https://picsum.photos/400/500?random=5437","https://picsum.photos/400/500?random=8675"}', '{"service": "\uce74\uce74\uc624\ud1a1", "handle": "star471"}', 'professional 레벨의 전문 서비스를 제공합니다.', 'PROFESSIONAL', 'TC', 8040565, '{금,수,일,화,목}', NULL, false, 7, 511, '새로운 스타', '2025-08-30T21:13:17.991552', 34, '{"MUST_HAVE": ["\ub77c\uc774\ube0c \ubc29\uc1a1", "\ubaa8\ub358 \ubc14", "\uce90\uc8fc\uc5bc \ud38d", "\ub9e4\ub2c8\uc800", "\ud398\uc774: TC 7503536\uc6d0", "\uadfc\ubb34\uc77c: \uc77c, \uae08, \ud1a0, \ud654, \uc218", "\uacbd\ub825: professional"], "PEOPLE": {"team_dynamics": [], "communication_style": ["\ucc28\ubd84\ud568"]}, "ENVIRONMENT": {"workplace_features": ["\uac00\uc871\uac19\uc740", "\ucd08\ubcf4\ud658\uc601", "4\ub300\ubcf4\ud5d8", "\uad50\ud1b5\ube44 \uc9c0\uc6d0"], "location_preferences": ["\ub178\uc6d0\u00b7\uc911\ub791\u00b7\uac15\ubd81"]}, "AVOID": []}', NULL, false, 'none', NULL),
('625e6ee4-13bb-4588-be71-56c147ab420a', '정예준', 'FEMALE', '010-9249-5499', '{"https://picsum.photos/400/500?random=8861","https://picsum.photos/400/500?random=4755"}', '{"service": "\uce74\uce74\uc624\ud1a1", "handle": "star301"}', 'professional 레벨의 전문 서비스를 제공합니다.', 'PROFESSIONAL', 'MONTHLY', 5561670, '{일,수,토,월,화}', NULL, false, 4, 1837, '새로운 스타', '2025-08-30T21:13:17.991577', 30, '{"MUST_HAVE": ["\uce74\ud398", "\uac00\ub77c\uc624\ucf00", "\ud14c\ub77c\ud53c", "\uc2e4\uc7a5", "\uc8fc\ubc29", "\uac00\ub4dc", "\ud398\uc774: TC 6864516\uc6d0", "\uadfc\ubb34\uc77c: \uc6d4, \uc218, \uae08, \ubaa9, \uc77c", "\uacbd\ub825: professional"], "PEOPLE": {"team_dynamics": [], "communication_style": ["\uc88b\uc740\ube44\uc728"]}, "ENVIRONMENT": {"workplace_features": ["\ud143\uc138\uc5c6\uc74c", "\uacbd\ub825\uc790\uc6b0\ub300", "\uace0\uae09\uc2a4\ub7ec\uc6b4", "\uc2dd\uc0ac \uc81c\uacf5", "\uc758\uc0c1/\uc720\ub2c8\ud3fc"], "location_preferences": ["\uc6a9\uc0b0\u00b7\uc774\ud0dc\uc6d0\u00b7\ud55c\ub0a8", "\uc885\ub85c\u00b7\uc911\uad6c", "\uad6c\ub85c\u00b7\uad00\uc545\u00b7\ub3d9\uc791"]}, "AVOID": []}', NULL, false, 'none', NULL),
('7fe47825-0733-4762-a2e3-5e7a73b1985c', '한채원', 'MALE', '010-4849-5114', '{"https://picsum.photos/400/500?random=7367","https://picsum.photos/400/500?random=5726"}', '{"service": "\uc778\uc2a4\ud0c0\uadf8\ub7a8", "handle": "star440"}', 'professional 레벨의 전문 서비스를 제공합니다.', 'PROFESSIONAL', 'MONTHLY', 7153087, '{화,토,일,월}', NULL, true, 6, 3210, '새로운 스타', '2025-08-30T21:13:17.991601', 34, '{"MUST_HAVE": ["\uc774\ubca4\ud2b8", "\ub77c\uc774\ube0c \ubc29\uc1a1", "\ud1a0\ud06c \ubc14", "\uac00\ub77c\uc624\ucf00", "\ubc14\ud150\ub354", "\uc2e4\uc7a5", "\ub9e4\ub2c8\uc800", "\ud398\uc774: TC 6374077\uc6d0", "\uadfc\ubb34\uc77c: \ubaa9, \uae08, \ud1a0", "\uacbd\ub825: professional"], "PEOPLE": {"team_dynamics": [], "communication_style": ["\ud328\uc158\uc13c\uc2a4"]}, "ENVIRONMENT": {"workplace_features": ["\ucd08\ubcf4\ud658\uc601", "\uc220\uac15\uc694\uc5c6\uc74c", "\ud30c\ud2f0\ubd84\uc704\uae30", "\uce5c\uad6c\ub791\uac19\uc774", "\uc2dd\uc0ac \uc81c\uacf5", "\uc219\uc18c \uc81c\uacf5", "4\ub300\ubcf4\ud5d8"], "location_preferences": ["\uac74\ub300\u00b7\uc131\uc218\u00b7\uc655\uc2ed\ub9ac", "\uac15\ub0a8\u00b7\uc11c\ucd08", "\ub178\uc6d0\u00b7\uc911\ub791\u00b7\uac15\ubd81"]}, "AVOID": []}', NULL, false, 'none', NULL),
('d35f9776-7d20-4709-8338-3d7384f1c254', '한예은', 'FEMALE', '010-9656-9334', '{"https://picsum.photos/400/500?random=2285","https://picsum.photos/400/500?random=8263"}', '{"service": "\uc778\uc2a4\ud0c0\uadf8\ub7a8", "handle": "star164"}', 'professional 레벨의 전문 서비스를 제공합니다.', 'PROFESSIONAL', 'TC', 9274482, '{토,화,일,수}', NULL, false, 8, 2840, '새로운 스타', '2025-08-30T21:13:17.991624', 33, '{"MUST_HAVE": ["\ub77c\uc774\ube0c \ubc29\uc1a1", "\uc774\ubca4\ud2b8", "\ub9e4\ub2c8\uc800", "\uc2e4\uc7a5", "\uac00\ub4dc", "\ud398\uc774: TC 7988751\uc6d0", "\uadfc\ubb34\uc77c: \uc218, \uae08, \ud1a0, \uc77c", "\uacbd\ub825: professional"], "PEOPLE": {"team_dynamics": [], "communication_style": ["\ud328\uc158\uc13c\uc2a4"]}, "ENVIRONMENT": {"workplace_features": ["\ud143\uc138\uc5c6\uc74c", "\uc220\uac15\uc694\uc5c6\uc74c", "\uc2dd\uc0ac \uc81c\uacf5", "\ud5e4\uc5b4/\uba54\uc774\ud06c\uc5c5", "\uc120\ubd88/\ub9c8\uc774\ud0b9"], "location_preferences": ["\ud64d\ub300\u00b7\ud569\uc815\u00b7\ub9c8\ud3ec\u00b7\uc11c\ub300\ubb38"]}, "AVOID": []}', NULL, false, 'none', NULL),
('967a8a5e-d7cd-42df-a69f-333a2f013910', '임준우', 'FEMALE', '010-4246-8688', '{"https://picsum.photos/400/500?random=8607","https://picsum.photos/400/500?random=3752"}', '{"service": "\uc778\uc2a4\ud0c0\uadf8\ub7a8", "handle": "star744"}', 'senior 레벨의 전문 서비스를 제공합니다.', 'SENIOR', 'MONTHLY', 5920984, '{금,수,토,화,월,목}', NULL, false, 10, 844, '새로운 스타', '2025-08-30T21:13:17.991649', 30, '{"MUST_HAVE": ["\ubaa8\ub358 \ubc14", "\ud14c\ub77c\ud53c", "\uac00\ub4dc", "\ud398\uc774: TC 5647454\uc6d0", "\uadfc\ubb34\uc77c: \ud1a0, \uc218, \uc77c, \uae08, \ud654", "\uacbd\ub825: senior"], "PEOPLE": {"team_dynamics": [], "communication_style": ["\uc88b\uc740\ube44\uc728", "\ud328\uc158\uc13c\uc2a4", "\ub300\ud654\ub9ac\ub4dc"]}, "ENVIRONMENT": {"workplace_features": ["\uc220\uac15\uc694\uc5c6\uc74c", "\ud143\uc138\uc5c6\uc74c", "\ucd08\ubcf4\ud658\uc601", "\uce5c\uad6c\ub791\uac19\uc774", "\uc8fc\ucc28 \uc9c0\uc6d0", "\ub2f9\uc77c\uc9c0\uae09", "\ud734\uac00/\uc6d4\ucc28"], "location_preferences": ["\ub300\ud559\ub85c\u00b7\uc131\ubd81\u00b7\ub3d9\ub300\ubb38", "\uc6a9\uc0b0\u00b7\uc774\ud0dc\uc6d0\u00b7\ud55c\ub0a8", "\uad6c\ub85c\u00b7\uad00\uc545\u00b7\ub3d9\uc791"]}, "AVOID": []}', NULL, false, 'none', NULL),
('d4c705d8-9811-4439-a703-668fe20cdbea', '장채원', 'FEMALE', '010-7880-4300', '{"https://picsum.photos/400/500?random=3361","https://picsum.photos/400/500?random=3506"}', '{"service": "\uce74\uce74\uc624\ud1a1", "handle": "star516"}', 'professional 레벨의 전문 서비스를 제공합니다.', 'PROFESSIONAL', 'TC', 6249984, '{목,월,수,화,일}', NULL, false, 1, 629, '새로운 스타', '2025-08-30T21:13:17.991673', 31, '{"MUST_HAVE": ["\ub77c\uc774\ube0c \ubc29\uc1a1", "\uce74\ud398", "\ud14c\ub77c\ud53c", "\uc8fc\ubc29", "\ud398\uc774: TC 4637760\uc6d0", "\uadfc\ubb34\uc77c: \uc218, \uc77c, \ud654, \ud1a0", "\uacbd\ub825: professional"], "PEOPLE": {"team_dynamics": [], "communication_style": ["\uc88b\uc740\ube44\uc728"]}, "ENVIRONMENT": {"workplace_features": ["\ud143\uc138\uc5c6\uc74c", "\ucd08\ubcf4\ud658\uc601", "\ud3b8\uc548\ud55c", "\uc120\ubd88/\ub9c8\uc774\ud0b9", "\uad50\ud1b5\ube44 \uc9c0\uc6d0"], "location_preferences": ["\uc885\ub85c\u00b7\uc911\uad6c"]}, "AVOID": []}', NULL, false, 'none', NULL),
('7ca318f6-f4dd-438e-a800-cbb3a260f4f4', '윤윤서', 'MALE', '010-5456-9211', '{"https://picsum.photos/400/500?random=8144","https://picsum.photos/400/500?random=4003"}', '{"service": "\uc778\uc2a4\ud0c0\uadf8\ub7a8", "handle": "star502"}', 'junior 레벨의 전문 서비스를 제공합니다.', 'JUNIOR', 'DAILY', 2789642, '{금,토,화,월,일,목}', NULL, false, 4, 267, '새로운 스타', '2025-08-30T21:13:17.991697', 20, '{"MUST_HAVE": ["\ud1a0\ud06c \ubc14", "\uce74\ud398", "\uce90\uc8fc\uc5bc \ud38d", "\uc2a4\ud0ed", "\ud398\uc774: TC 3376410\uc6d0", "\uadfc\ubb34\uc77c: \uc77c, \uc6d4, \ubaa9", "\uacbd\ub825: junior"], "PEOPLE": {"team_dynamics": [], "communication_style": ["\ud328\uc158\uc13c\uc2a4"]}, "ENVIRONMENT": {"workplace_features": ["\ucd08\ubcf4\ud658\uc601", "\uace0\uae09\uc2a4\ub7ec\uc6b4", "\uad50\ud1b5\ube44 \uc9c0\uc6d0", "\ud5e4\uc5b4/\uba54\uc774\ud06c\uc5c5", "\uc2dd\uc0ac \uc81c\uacf5"], "location_preferences": ["\ub300\ud559\ub85c\u00b7\uc131\ubd81\u00b7\ub3d9\ub300\ubb38", "\uc7a0\uc2e4\u00b7\uc1a1\ud30c\u00b7\uac15\ub3d9", "\uac74\ub300\u00b7\uc131\uc218\u00b7\uc655\uc2ed\ub9ac"]}, "AVOID": []}', NULL, false, 'none', NULL),
('a8db94c5-0cbc-4730-9b52-a59fd83ee67f', '윤시우', 'FEMALE', '010-9862-7794', '{"https://picsum.photos/400/500?random=4232","https://picsum.photos/400/500?random=4875"}', '{"service": "\uce74\uce74\uc624\ud1a1", "handle": "star923"}', 'senior 레벨의 전문 서비스를 제공합니다.', 'SENIOR', 'MONTHLY', 4681131, '{일,화,토}', NULL, false, 6, 1470, '새로운 스타', '2025-08-30T21:13:17.991719', 25, '{"MUST_HAVE": ["\ud14c\ub77c\ud53c", "\ud1a0\ud06c \ubc14", "\uce90\uc8fc\uc5bc \ud38d", "\uac00\ub4dc", "\ud398\uc774: TC 3541743\uc6d0", "\uadfc\ubb34\uc77c: \uc77c, \uc6d4, \ubaa9", "\uacbd\ub825: senior"], "PEOPLE": {"team_dynamics": [], "communication_style": ["\ud65c\ubc1c\ud568"]}, "ENVIRONMENT": {"workplace_features": ["\uac00\uc871\uac19\uc740", "\uacbd\ub825\uc790\uc6b0\ub300", "\ud5e4\uc5b4/\uba54\uc774\ud06c\uc5c5", "\ud734\uac00/\uc6d4\ucc28", "\uc131\ud615 \uc9c0\uc6d0"], "location_preferences": ["\uc7a0\uc2e4\u00b7\uc1a1\ud30c\u00b7\uac15\ub3d9", "\uac15\ub0a8\u00b7\uc11c\ucd08"]}, "AVOID": []}', NULL, false, 'none', NULL),
('c5e9b06b-2309-4eb7-a440-8c1acd45ab1b', '한서윤', 'MALE', '010-8130-2701', '{"https://picsum.photos/400/500?random=5245","https://picsum.photos/400/500?random=4821"}', '{"service": "\uce74\uce74\uc624\ud1a1", "handle": "star984"}', 'senior 레벨의 전문 서비스를 제공합니다.', 'SENIOR', 'MONTHLY', 5055204, '{수,토,목,금,월}', NULL, false, 10, 529, '새로운 스타', '2025-08-30T21:13:17.991743', 25, '{"MUST_HAVE": ["\ubaa8\ub358 \ubc14", "\uac00\ub77c\uc624\ucf00", "\ud14c\ub77c\ud53c", "\ub77c\uc774\ube0c \ubc29\uc1a1", "\ubc14\ud150\ub354", "BJ", "\ud398\uc774: TC 4015341\uc6d0", "\uadfc\ubb34\uc77c: \ubaa9, \uc218, \ud1a0", "\uacbd\ub825: senior"], "PEOPLE": {"team_dynamics": [], "communication_style": ["\uc88b\uc740\ube44\uc728"]}, "ENVIRONMENT": {"workplace_features": ["\ucd08\ubcf4\ud658\uc601", "\uacbd\ub825\uc790\uc6b0\ub300", "\uc131\ud615 \uc9c0\uc6d0", "\ud5e4\uc5b4/\uba54\uc774\ud06c\uc5c5", "\uc2dd\uc0ac \uc81c\uacf5"], "location_preferences": ["\uc6a9\uc0b0\u00b7\uc774\ud0dc\uc6d0\u00b7\ud55c\ub0a8", "\uac74\ub300\u00b7\uc131\uc218\u00b7\uc655\uc2ed\ub9ac", "\ud64d\ub300\u00b7\ud569\uc815\u00b7\ub9c8\ud3ec\u00b7\uc11c\ub300\ubb38"]}, "AVOID": []}', NULL, false, 'none', NULL),
('87738c03-d57d-41ef-840a-7680bf53d21d', '황시은', 'MALE', '010-3288-5419', '{"https://picsum.photos/400/500?random=4246","https://picsum.photos/400/500?random=4316"}', '{"service": "\uc778\uc2a4\ud0c0\uadf8\ub7a8", "handle": "star998"}', 'professional 레벨의 전문 서비스를 제공합니다.', 'PROFESSIONAL', 'MONTHLY', 6940846, '{토,금,화,수}', NULL, false, 4, 2311, '새로운 스타', '2025-08-30T21:13:17.991766', 34, '{"MUST_HAVE": ["\ud14c\ub77c\ud53c", "\uce74\ud398", "\uce90\uc8fc\uc5bc \ud38d", "\ub9e4\ub2c8\uc800", "\uc2e4\uc7a5", "\uc2a4\ud0ed", "\ud398\uc774: TC 9135840\uc6d0", "\uadfc\ubb34\uc77c: \uc6d4, \uc77c, \ud1a0, \ud654, \uae08", "\uacbd\ub825: professional"], "PEOPLE": {"team_dynamics": [], "communication_style": ["\ucc28\ubd84\ud568"]}, "ENVIRONMENT": {"workplace_features": ["\uacbd\ub825\uc790\uc6b0\ub300", "\ucd08\ubcf4\ud658\uc601", "\uc2dd\uc0ac \uc81c\uacf5", "\ud5e4\uc5b4/\uba54\uc774\ud06c\uc5c5"], "location_preferences": ["\uac74\ub300\u00b7\uc131\uc218\u00b7\uc655\uc2ed\ub9ac", "\uc6a9\uc0b0\u00b7\uc774\ud0dc\uc6d0\u00b7\ud55c\ub0a8"]}, "AVOID": []}', NULL, false, 'none', NULL);

-- 3. place_profiles 테이블 데이터
INSERT INTO place_profiles (user_id, place_name, business_type, business_number, business_verified, address, detail_address, postcode, road_address, jibun_address, latitude, longitude, area_group_id, manager_name, manager_phone, manager_gender, sns_type, sns_handle, intro, profile_image_urls, representative_image_index, operating_hours, offered_pay_type, offered_min_pay, offered_max_pay, desired_experience_level, desired_working_days, created_at, updated_at) VALUES
('b068c20f-28cf-4574-9a1c-64bd38d6214a', '건대 프리미엄 카페', '카페', '784-58-18186', true, '서울시 대학로구 로 421', NULL, '32587', '서울시 대학로구 대로 882', '서울시 대학로구 로 643-15', 37.4973375, 126.91718254, 9, '권민준', '010-9315-7747', '여', '인스타그램', 'place482', '카페 전문점으로 최고의 서비스를 제공합니다.', '{"https://picsum.photos/600/400?random=7858","https://picsum.photos/600/400?random=6001"}', 0, '{"days": ["monday", "tuesday", "wednesday", "thursday", "friday", "saturday", "sunday"], "start_hour": 19.0, "end_hour": 2.0}', 'TC', 2500000, 5000000, '시니어', '{금,목,월,일,수,화}', '2025-08-29T21:13:17.991791', '2025-08-30T21:13:17.991794'),
('c2c8d86f-3076-4911-9947-e1aba3d0b08d', '건대 VIP 가라오케', '가라오케', '920-21-13122', true, '서울시 강남구 길 31', '12층', '82238', '서울시 강남구 대로 769', '서울시 강남구 동 70-47', 37.468583, 127.06652651, 1, '윤윤서', '010-6429-3925', '여', '카카오톡', 'place384', '가라오케 전문점으로 최고의 서비스를 제공합니다.', '{"https://picsum.photos/600/400?random=7802","https://picsum.photos/600/400?random=4216"}', 0, '{"days": ["monday", "tuesday", "wednesday", "thursday", "friday", "saturday", "sunday"], "start_hour": 20.0, "end_hour": 2.0}', '일급', 2500000, 5000000, '주니어', '{토,금,수,일,월}', '2025-06-14T21:13:17.991812', '2025-08-30T21:13:17.991814'),
('971afbff-d848-4b52-a5fa-f168b2de46ac', '서초 임페리얼 라이브 방송', '라이브 방송', '950-32-47195', false, '서울시 잠실구 로 863', '17층', '43498', '서울시 잠실구 로 428', '서울시 잠실구 로 636-17', 37.49549745, 127.02876097, 2, '최민서', '010-9716-2493', '남', '기타', 'place496', '라이브 방송 전문점으로 최고의 서비스를 제공합니다.', '{"https://picsum.photos/600/400?random=7353","https://picsum.photos/600/400?random=5706"}', 0, '{"days": ["monday", "tuesday", "wednesday", "thursday", "friday", "saturday", "sunday"], "start_hour": 20.0, "end_hour": 4.0}', '일급', 3500000, 7000000, '신입', '{목,토,화,금}', '2025-08-30T21:13:17.991830', '2025-08-30T21:13:17.991832'),
('635b7186-720b-4379-850c-24cec47442c0', '신촌 VIP 이벤트', '이벤트', '527-46-92810', false, '서울시 잠실구 대로 783', NULL, '60495', '서울시 잠실구 로 416', '서울시 잠실구 동 439-30', 37.57372206, 126.94439009, 2, '황주원', '010-5028-7457', '남', '기타', 'place470', '이벤트 전문점으로 최고의 서비스를 제공합니다.', '{"https://picsum.photos/600/400?random=3711","https://picsum.photos/600/400?random=4518"}', 0, '{"days": ["monday", "tuesday", "wednesday", "thursday", "friday", "saturday", "sunday"], "start_hour": 20.0, "end_hour": 4.0}', '월급', 2500000, 5000000, '시니어', '{화,월,금,토,수,일,목}', '2025-08-02T21:13:17.991849', '2025-08-30T21:13:17.991850'),
('070a2f35-e7c7-471a-8b5d-e6c4ea14bb47', '역삼 임페리얼 테라피', '테라피', '464-25-46128', true, '서울시 잠실구 대로 665', NULL, '15422', '서울시 잠실구 대로 818', '서울시 잠실구 동 523-36', 37.56154058, 127.0482363, 2, '임건우', '010-6223-7014', '남', '인스타그램', 'place559', '테라피 전문점으로 최고의 서비스를 제공합니다.', '{"https://picsum.photos/600/400?random=5375","https://picsum.photos/600/400?random=6263"}', 0, '{"days": ["monday", "tuesday", "wednesday", "thursday", "friday", "saturday", "sunday"], "start_hour": 20.0, "end_hour": 3.0}', '월급', 4000000, 8000000, '무관', '{목,일,수,토}', '2025-06-03T21:13:17.991866', '2025-08-30T21:13:17.991867'),
('6b33fe78-258f-4f91-bf6b-cecfedd048ce', '서초 VIP 라이브 방송', '라이브 방송', '261-97-17538', false, '서울시 대학로구 로 444', NULL, '64730', '서울시 대학로구 로 939', '서울시 대학로구 동 273-19', 37.50250376, 126.90503668, 9, '서서윤', '010-2783-7687', '여', '인스타그램', 'place430', '라이브 방송 전문점으로 최고의 서비스를 제공합니다.', '{"https://picsum.photos/600/400?random=6092","https://picsum.photos/600/400?random=3118"}', 0, '{"days": ["monday", "tuesday", "wednesday", "thursday", "friday", "saturday", "sunday"], "start_hour": 18.0, "end_hour": 3.0}', '월급', 3500000, 7000000, '무관', '{수,토,금,목,화,월}', '2025-07-22T21:13:17.991884', '2025-08-30T21:13:17.991886'),
('592bae7c-9688-45ef-8ddb-0a8180c228f4', '역삼 VIP 카페', '카페', '812-11-81204', false, '서울시 잠실구 대로 438', NULL, '44845', '서울시 잠실구 로 34', '서울시 잠실구 동 472-15', 37.51938455, 127.09274069, 2, '박윤서', '010-3095-8749', '여', '기타', 'place425', '카페 전문점으로 최고의 서비스를 제공합니다.', '{"https://picsum.photos/600/400?random=7212","https://picsum.photos/600/400?random=5398"}', 0, '{"days": ["monday", "tuesday", "wednesday", "thursday", "friday", "saturday", "sunday"], "start_hour": 20.0, "end_hour": 3.0}', 'TC', 2500000, 5000000, '신입', '{월,목,수,금}', '2025-08-22T21:13:17.991902', '2025-08-30T21:13:17.991904'),
('61867788-1fc3-4487-a07e-c047a326a5f8', '강남 골든 테라피', '테라피', '741-60-97859', true, '서울시 노원구 로 337', NULL, '64978', '서울시 노원구 로 716', '서울시 노원구 로 520-24', 37.51546873, 127.06343878, 10, '임하린', '010-7335-5747', '남', '카카오톡', 'place810', '테라피 전문점으로 최고의 서비스를 제공합니다.', '{"https://picsum.photos/600/400?random=6762","https://picsum.photos/600/400?random=5441"}', 0, '{"days": ["monday", "tuesday", "wednesday", "thursday", "friday", "saturday", "sunday"], "start_hour": 19.0, "end_hour": 4.0}', 'TC', 4000000, 8000000, '주니어', '{금,목,화,토,월}', '2025-05-05T21:13:17.991920', '2025-08-30T21:13:17.991921'),
('351c5b29-4364-4822-aa7c-562d4048ddb6', '강남 로얄 가라오케', '가라오케', '788-23-57784', true, '서울시 건대구 로 437', '11층', '74628', '서울시 건대구 대로 609', '서울시 건대구 로 127-19', 37.44182861, 127.0992522, 8, '장예은', '010-3973-3556', '여', '기타', 'place174', '가라오케 전문점으로 최고의 서비스를 제공합니다.', '{"https://picsum.photos/600/400?random=6947","https://picsum.photos/600/400?random=3453"}', 0, '{"days": ["monday", "tuesday", "wednesday", "thursday", "friday", "saturday", "sunday"], "start_hour": 18.0, "end_hour": 3.0}', 'TC', 2500000, 5000000, '신입', '{목,금,토,월,수}', '2025-05-24T21:13:17.991938', '2025-08-30T21:13:17.991940'),
('f3acc83e-528b-4171-a4ca-c3e904f9543b', '역삼 골든 캐주얼 펍', '캐주얼 펍', '276-68-92076', false, '서울시 잠실구 로 894', '19층', '27841', '서울시 잠실구 대로 335', '서울시 잠실구 동 677-14', 37.57652238, 126.90968157, 2, '정하은', '010-4329-1520', '남', '기타', 'place443', '캐주얼 펍 전문점으로 최고의 서비스를 제공합니다.', '{"https://picsum.photos/600/400?random=3450","https://picsum.photos/600/400?random=4270"}', 0, '{"days": ["monday", "tuesday", "wednesday", "thursday", "friday", "saturday", "sunday"], "start_hour": 20.0, "end_hour": 4.0}', '일급', 2500000, 5000000, '무관', '{목,수,월,토,화}', '2025-06-04T21:13:17.991956', '2025-08-30T21:13:17.991957'),
('d3f256ca-8b81-4e86-a90a-4fd2eb4ba7f8', '신촌 임페리얼 라이브 방송', '라이브 방송', '407-21-28709', true, '서울시 노원구 대로 458', NULL, '63845', '서울시 노원구 로 345', '서울시 노원구 동 695-26', 37.50052374, 127.09771362, 10, '이지민', '010-2394-8868', '여', '기타', 'place775', '라이브 방송 전문점으로 최고의 서비스를 제공합니다.', '{"https://picsum.photos/600/400?random=6345","https://picsum.photos/600/400?random=5312"}', 0, '{"days": ["monday", "tuesday", "wednesday", "thursday", "friday", "saturday", "sunday"], "start_hour": 19.0, "end_hour": 3.0}', 'TC', 3500000, 7000000, '시니어', '{금,수,토,목}', '2025-07-17T21:13:17.991973', '2025-08-30T21:13:17.991974'),
('3a5db46d-1f86-4311-8eb8-721574827e69', '이태원 크라운 테라피', '테라피', '324-84-37302', false, '서울시 용산구 로 621', '16층', '35584', '서울시 용산구 대로 199', '서울시 용산구 로 680-50', 37.43558237, 127.0737691, 4, '정예준', '010-1601-8564', '남', '카카오톡', 'place690', '테라피 전문점으로 최고의 서비스를 제공합니다.', '{"https://picsum.photos/600/400?random=7624","https://picsum.photos/600/400?random=4281"}', 0, '{"days": ["monday", "tuesday", "wednesday", "thursday", "friday", "saturday", "sunday"], "start_hour": 18.0, "end_hour": 2.0}', 'TC', 4000000, 8000000, '신입', '{화,일,목,토,수,금}', '2025-05-06T21:13:17.991993', '2025-08-30T21:13:17.991995'),
('92c7088a-b786-4b8f-ad81-fd856036060b', '논현 플래티넘 카페', '카페', '700-57-40071', false, '서울시 잠실구 로 871', '6층', '33228', '서울시 잠실구 대로 578', '서울시 잠실구 로 376-26', 37.52111586, 126.90650967, 2, '강윤서', '010-7958-9413', '여', '인스타그램', 'place249', '카페 전문점으로 최고의 서비스를 제공합니다.', '{"https://picsum.photos/600/400?random=5527","https://picsum.photos/600/400?random=7007"}', 0, '{"days": ["monday", "tuesday", "wednesday", "thursday", "friday", "saturday", "sunday"], "start_hour": 18.0, "end_hour": 4.0}', '일급', 2500000, 5000000, '주니어', '{목,토,금,일,월,화}', '2025-07-15T21:13:17.992011', '2025-08-30T21:13:17.992013'),
('cb919892-131a-43d3-8c00-c8d2b3ccb352', '서초 플래티넘 모던 바', '모던 바', '679-98-23600', true, '서울시 영등포구 로 767', NULL, '81294', '서울시 영등포구 대로 532', '서울시 영등포구 동 974-18', 37.57868303, 126.90348739, 6, '최채원', '010-6943-3344', '여', '인스타그램', 'place141', '모던 바 전문점으로 최고의 서비스를 제공합니다.', '{"https://picsum.photos/600/400?random=3962","https://picsum.photos/600/400?random=5558"}', 0, '{"days": ["monday", "tuesday", "wednesday", "thursday", "friday", "saturday", "sunday"], "start_hour": 19.0, "end_hour": 3.0}', 'TC', 3000000, 6000000, '신입', '{금,일,화,수,토}', '2025-06-07T21:13:17.992028', '2025-08-30T21:13:17.992030'),
('c928443e-a395-45c3-8877-10a95fa3ca71', '역삼 다이아몬드 라이브 방송', '라이브 방송', '777-48-43433', false, '서울시 종로구 대로 571', '17층', '51362', '서울시 종로구 대로 791', '서울시 종로구 로 548-20', 37.59152406, 127.05687077, 3, '오하린', '010-6543-9947', '남', '기타', 'place437', '라이브 방송 전문점으로 최고의 서비스를 제공합니다.', '{"https://picsum.photos/600/400?random=7860","https://picsum.photos/600/400?random=7383"}', 0, '{"days": ["monday", "tuesday", "wednesday", "thursday", "friday", "saturday", "sunday"], "start_hour": 20.0, "end_hour": 2.0}', '일급', 3500000, 7000000, '무관', '{화,수,금,월,일,목,토}', '2025-08-26T21:13:17.992046', '2025-08-30T21:13:17.992048'),
('42c408d7-1bfe-49cf-82aa-499945b28a2f', '이태원 VIP 토크 바', '토크 바', '878-35-98013', false, '서울시 영등포구 대로 783', NULL, '11545', '서울시 영등포구 대로 246', '서울시 영등포구 동 311-12', 37.58163499, 127.0298169, 6, '이민서', '010-6371-2365', '남', '카카오톡', 'place465', '토크 바 전문점으로 최고의 서비스를 제공합니다.', '{"https://picsum.photos/600/400?random=6532","https://picsum.photos/600/400?random=7534"}', 0, '{"days": ["monday", "tuesday", "wednesday", "thursday", "friday", "saturday", "sunday"], "start_hour": 19.0, "end_hour": 2.0}', 'TC', 3000000, 6000000, '신입', '{목,화,수,월,금,일}', '2025-08-24T21:13:17.992064', '2025-08-30T21:13:17.992066'),
('2fc3562b-b3a8-41dd-ba73-7fc08a408082', '건대 플래티넘 가라오케', '가라오케', '940-34-98490', false, '서울시 영등포구 로 725', NULL, '80741', '서울시 영등포구 로 263', '서울시 영등포구 동 793-11', 37.4069125, 126.99930169, 6, '서서윤', '010-3075-4159', '남', '기타', 'place629', '가라오케 전문점으로 최고의 서비스를 제공합니다.', '{"https://picsum.photos/600/400?random=7353","https://picsum.photos/600/400?random=6020"}', 0, '{"days": ["monday", "tuesday", "wednesday", "thursday", "friday", "saturday", "sunday"], "start_hour": 18.0, "end_hour": 4.0}', 'TC', 2500000, 5000000, '신입', '{월,목,수,금,화,토}', '2025-05-11T21:13:17.992082', '2025-08-30T21:13:17.992084'),
('ea1d399f-5934-4b88-8d75-120ea5268270', '청담 프리미엄 가라오케', '가라오케', '901-63-62426', true, '서울시 영등포구 대로 233', NULL, '10279', '서울시 영등포구 대로 422', '서울시 영등포구 로 808-10', 37.59895622, 126.99535693, 6, '한서윤', '010-1353-8852', '여', '기타', 'place347', '가라오케 전문점으로 최고의 서비스를 제공합니다.', '{"https://picsum.photos/600/400?random=6446","https://picsum.photos/600/400?random=5921"}', 0, '{"days": ["monday", "tuesday", "wednesday", "thursday", "friday", "saturday", "sunday"], "start_hour": 20.0, "end_hour": 4.0}', 'TC', 2500000, 5000000, '시니어', '{토,수,월,일}', '2025-06-30T21:13:17.992099', '2025-08-30T21:13:17.992101');

-- member_attributes_link 테이블 데이터
INSERT INTO member_attributes_link (member_user_id, attribute_id) VALUES
('c3d068ec-9928-42e0-9d5d-b71949e873cc', 47),
('c3d068ec-9928-42e0-9d5d-b71949e873cc', 45),
('c3d068ec-9928-42e0-9d5d-b71949e873cc', 44),
('3d832678-75d3-424f-b633-abd028f2070b', 45),
('3d832678-75d3-424f-b633-abd028f2070b', 44),
('3d832678-75d3-424f-b633-abd028f2070b', 43),
('3d832678-75d3-424f-b633-abd028f2070b', 41),
('5f3c0d83-8bbd-447e-87d3-251292a4d7ab', 42),
('5f3c0d83-8bbd-447e-87d3-251292a4d7ab', 48),
('5f3c0d83-8bbd-447e-87d3-251292a4d7ab', 47),
('5f3c0d83-8bbd-447e-87d3-251292a4d7ab', 41),
('3968363d-6057-438f-8e7f-ce9305a31e64', 46),
('3968363d-6057-438f-8e7f-ce9305a31e64', 42),
('3968363d-6057-438f-8e7f-ce9305a31e64', 44),
('79781150-d2c0-4cba-afef-41ab5912b863', 48),
('79781150-d2c0-4cba-afef-41ab5912b863', 43),
('79781150-d2c0-4cba-afef-41ab5912b863', 47),
('79781150-d2c0-4cba-afef-41ab5912b863', 42),
('942dbc91-10ce-44b8-a8a2-732fdf6c5a99', 45),
('942dbc91-10ce-44b8-a8a2-732fdf6c5a99', 43),
('d172fa27-9d81-47cb-823f-e05d4e75c0a0', 43),
('d172fa27-9d81-47cb-823f-e05d4e75c0a0', 41),
('d172fa27-9d81-47cb-823f-e05d4e75c0a0', 45),
('d172fa27-9d81-47cb-823f-e05d4e75c0a0', 46),
('1129d81f-3254-4396-9800-1968f796125e', 44),
('1129d81f-3254-4396-9800-1968f796125e', 48),
('6f6034cd-d7d4-4a34-8add-e0cfc5fa0687', 45),
('6f6034cd-d7d4-4a34-8add-e0cfc5fa0687', 47),
('6f6034cd-d7d4-4a34-8add-e0cfc5fa0687', 46),
('25ebe5ba-a574-4227-bbd4-751c40f56f28', 46),
('25ebe5ba-a574-4227-bbd4-751c40f56f28', 45),
('25ebe5ba-a574-4227-bbd4-751c40f56f28', 47),
('25ebe5ba-a574-4227-bbd4-751c40f56f28', 48),
('009d86de-7f5b-45d8-bc69-6aa45eb20c52', 41),
('009d86de-7f5b-45d8-bc69-6aa45eb20c52', 42),
('009d86de-7f5b-45d8-bc69-6aa45eb20c52', 44),
('77ce7434-c2ee-4010-aa21-ed1c78e2555b', 45),
('77ce7434-c2ee-4010-aa21-ed1c78e2555b', 42),
('77ce7434-c2ee-4010-aa21-ed1c78e2555b', 43),
('77ce7434-c2ee-4010-aa21-ed1c78e2555b', 46),
('cd994370-4179-47ae-9cf5-2fab7a0ef13f', 43),
('cd994370-4179-47ae-9cf5-2fab7a0ef13f', 42),
('cd994370-4179-47ae-9cf5-2fab7a0ef13f', 46),
('cb55e42f-7a38-4095-ad86-2a8ac9a19827', 43),
('cb55e42f-7a38-4095-ad86-2a8ac9a19827', 45),
('cb55e42f-7a38-4095-ad86-2a8ac9a19827', 48),
('cb55e42f-7a38-4095-ad86-2a8ac9a19827', 41),
('57296b46-8e64-44d5-8667-13bf996aedd5', 47),
('57296b46-8e64-44d5-8667-13bf996aedd5', 44),
('625e6ee4-13bb-4588-be71-56c147ab420a', 42),
('625e6ee4-13bb-4588-be71-56c147ab420a', 48),
('625e6ee4-13bb-4588-be71-56c147ab420a', 43),
('7fe47825-0733-4762-a2e3-5e7a73b1985c', 47),
('7fe47825-0733-4762-a2e3-5e7a73b1985c', 48),
('7fe47825-0733-4762-a2e3-5e7a73b1985c', 41),
('7fe47825-0733-4762-a2e3-5e7a73b1985c', 46),
('d35f9776-7d20-4709-8338-3d7384f1c254', 42),
('d35f9776-7d20-4709-8338-3d7384f1c254', 41),
('d35f9776-7d20-4709-8338-3d7384f1c254', 44),
('d35f9776-7d20-4709-8338-3d7384f1c254', 47),
('967a8a5e-d7cd-42df-a69f-333a2f013910', 44),
('967a8a5e-d7cd-42df-a69f-333a2f013910', 46),
('967a8a5e-d7cd-42df-a69f-333a2f013910', 41),
('d4c705d8-9811-4439-a703-668fe20cdbea', 48),
('d4c705d8-9811-4439-a703-668fe20cdbea', 44),
('d4c705d8-9811-4439-a703-668fe20cdbea', 43),
('7ca318f6-f4dd-438e-a800-cbb3a260f4f4', 43),
('7ca318f6-f4dd-438e-a800-cbb3a260f4f4', 47),
('7ca318f6-f4dd-438e-a800-cbb3a260f4f4', 46),
('7ca318f6-f4dd-438e-a800-cbb3a260f4f4', 42),
('a8db94c5-0cbc-4730-9b52-a59fd83ee67f', 44),
('a8db94c5-0cbc-4730-9b52-a59fd83ee67f', 46),
('a8db94c5-0cbc-4730-9b52-a59fd83ee67f', 48),
('a8db94c5-0cbc-4730-9b52-a59fd83ee67f', 45),
('c5e9b06b-2309-4eb7-a440-8c1acd45ab1b', 42),
('c5e9b06b-2309-4eb7-a440-8c1acd45ab1b', 41),
('c5e9b06b-2309-4eb7-a440-8c1acd45ab1b', 47),
('c5e9b06b-2309-4eb7-a440-8c1acd45ab1b', 45),
('87738c03-d57d-41ef-840a-7680bf53d21d', 46),
('87738c03-d57d-41ef-840a-7680bf53d21d', 47),
('87738c03-d57d-41ef-840a-7680bf53d21d', 42);

-- member_preferences_link 테이블 데이터
INSERT INTO member_preferences_link (member_user_id, attribute_id) VALUES
('c3d068ec-9928-42e0-9d5d-b71949e873cc', 9),
('c3d068ec-9928-42e0-9d5d-b71949e873cc', 15),
('c3d068ec-9928-42e0-9d5d-b71949e873cc', 13),
('3d832678-75d3-424f-b633-abd028f2070b', 15),
('5f3c0d83-8bbd-447e-87d3-251292a4d7ab', 11),
('5f3c0d83-8bbd-447e-87d3-251292a4d7ab', 12),
('5f3c0d83-8bbd-447e-87d3-251292a4d7ab', 13),
('3968363d-6057-438f-8e7f-ce9305a31e64', 14),
('3968363d-6057-438f-8e7f-ce9305a31e64', 10),
('79781150-d2c0-4cba-afef-41ab5912b863', 13),
('79781150-d2c0-4cba-afef-41ab5912b863', 14),
('79781150-d2c0-4cba-afef-41ab5912b863', 9),
('942dbc91-10ce-44b8-a8a2-732fdf6c5a99', 15),
('942dbc91-10ce-44b8-a8a2-732fdf6c5a99', 12),
('942dbc91-10ce-44b8-a8a2-732fdf6c5a99', 10),
('d172fa27-9d81-47cb-823f-e05d4e75c0a0', 12),
('d172fa27-9d81-47cb-823f-e05d4e75c0a0', 11),
('1129d81f-3254-4396-9800-1968f796125e', 9),
('6f6034cd-d7d4-4a34-8add-e0cfc5fa0687', 12),
('6f6034cd-d7d4-4a34-8add-e0cfc5fa0687', 9),
('6f6034cd-d7d4-4a34-8add-e0cfc5fa0687', 13),
('25ebe5ba-a574-4227-bbd4-751c40f56f28', 14),
('25ebe5ba-a574-4227-bbd4-751c40f56f28', 12),
('25ebe5ba-a574-4227-bbd4-751c40f56f28', 11),
('009d86de-7f5b-45d8-bc69-6aa45eb20c52', 13),
('009d86de-7f5b-45d8-bc69-6aa45eb20c52', 15),
('77ce7434-c2ee-4010-aa21-ed1c78e2555b', 10),
('cd994370-4179-47ae-9cf5-2fab7a0ef13f', 11),
('cd994370-4179-47ae-9cf5-2fab7a0ef13f', 13),
('cd994370-4179-47ae-9cf5-2fab7a0ef13f', 10),
('cb55e42f-7a38-4095-ad86-2a8ac9a19827', 15),
('cb55e42f-7a38-4095-ad86-2a8ac9a19827', 11),
('57296b46-8e64-44d5-8667-13bf996aedd5', 13),
('625e6ee4-13bb-4588-be71-56c147ab420a', 15),
('7fe47825-0733-4762-a2e3-5e7a73b1985c', 12),
('d35f9776-7d20-4709-8338-3d7384f1c254', 10),
('d35f9776-7d20-4709-8338-3d7384f1c254', 14),
('967a8a5e-d7cd-42df-a69f-333a2f013910', 10),
('967a8a5e-d7cd-42df-a69f-333a2f013910', 13),
('967a8a5e-d7cd-42df-a69f-333a2f013910', 11),
('d4c705d8-9811-4439-a703-668fe20cdbea', 12),
('7ca318f6-f4dd-438e-a800-cbb3a260f4f4', 10),
('7ca318f6-f4dd-438e-a800-cbb3a260f4f4', 14),
('a8db94c5-0cbc-4730-9b52-a59fd83ee67f', 14),
('a8db94c5-0cbc-4730-9b52-a59fd83ee67f', 10),
('a8db94c5-0cbc-4730-9b52-a59fd83ee67f', 15),
('c5e9b06b-2309-4eb7-a440-8c1acd45ab1b', 11),
('c5e9b06b-2309-4eb7-a440-8c1acd45ab1b', 14),
('87738c03-d57d-41ef-840a-7680bf53d21d', 15);

-- place_attributes_link 테이블 데이터
INSERT INTO place_attributes_link (place_user_id, attribute_id) VALUES
('b068c20f-28cf-4574-9a1c-64bd38d6214a', 39),
('b068c20f-28cf-4574-9a1c-64bd38d6214a', 34),
('b068c20f-28cf-4574-9a1c-64bd38d6214a', 40),
('b068c20f-28cf-4574-9a1c-64bd38d6214a', 37),
('c2c8d86f-3076-4911-9947-e1aba3d0b08d', 31),
('c2c8d86f-3076-4911-9947-e1aba3d0b08d', 40),
('971afbff-d848-4b52-a5fa-f168b2de46ac', 33),
('971afbff-d848-4b52-a5fa-f168b2de46ac', 34),
('635b7186-720b-4379-850c-24cec47442c0', 39),
('635b7186-720b-4379-850c-24cec47442c0', 37),
('635b7186-720b-4379-850c-24cec47442c0', 36),
('635b7186-720b-4379-850c-24cec47442c0', 38),
('070a2f35-e7c7-471a-8b5d-e6c4ea14bb47', 38),
('070a2f35-e7c7-471a-8b5d-e6c4ea14bb47', 35),
('070a2f35-e7c7-471a-8b5d-e6c4ea14bb47', 31),
('070a2f35-e7c7-471a-8b5d-e6c4ea14bb47', 36),
('6b33fe78-258f-4f91-bf6b-cecfedd048ce', 31),
('6b33fe78-258f-4f91-bf6b-cecfedd048ce', 40),
('592bae7c-9688-45ef-8ddb-0a8180c228f4', 32),
('592bae7c-9688-45ef-8ddb-0a8180c228f4', 38),
('592bae7c-9688-45ef-8ddb-0a8180c228f4', 34),
('592bae7c-9688-45ef-8ddb-0a8180c228f4', 39),
('61867788-1fc3-4487-a07e-c047a326a5f8', 36),
('61867788-1fc3-4487-a07e-c047a326a5f8', 40),
('351c5b29-4364-4822-aa7c-562d4048ddb6', 39),
('351c5b29-4364-4822-aa7c-562d4048ddb6', 31),
('351c5b29-4364-4822-aa7c-562d4048ddb6', 32),
('351c5b29-4364-4822-aa7c-562d4048ddb6', 34),
('351c5b29-4364-4822-aa7c-562d4048ddb6', 37),
('f3acc83e-528b-4171-a4ca-c3e904f9543b', 40),
('f3acc83e-528b-4171-a4ca-c3e904f9543b', 36),
('f3acc83e-528b-4171-a4ca-c3e904f9543b', 37),
('f3acc83e-528b-4171-a4ca-c3e904f9543b', 31),
('f3acc83e-528b-4171-a4ca-c3e904f9543b', 35),
('d3f256ca-8b81-4e86-a90a-4fd2eb4ba7f8', 38),
('d3f256ca-8b81-4e86-a90a-4fd2eb4ba7f8', 36),
('3a5db46d-1f86-4311-8eb8-721574827e69', 38),
('3a5db46d-1f86-4311-8eb8-721574827e69', 34),
('3a5db46d-1f86-4311-8eb8-721574827e69', 31),
('3a5db46d-1f86-4311-8eb8-721574827e69', 33),
('92c7088a-b786-4b8f-ad81-fd856036060b', 35),
('92c7088a-b786-4b8f-ad81-fd856036060b', 37),
('92c7088a-b786-4b8f-ad81-fd856036060b', 32),
('92c7088a-b786-4b8f-ad81-fd856036060b', 39),
('cb919892-131a-43d3-8c00-c8d2b3ccb352', 31),
('cb919892-131a-43d3-8c00-c8d2b3ccb352', 35),
('cb919892-131a-43d3-8c00-c8d2b3ccb352', 33),
('cb919892-131a-43d3-8c00-c8d2b3ccb352', 34),
('c928443e-a395-45c3-8877-10a95fa3ca71', 39),
('c928443e-a395-45c3-8877-10a95fa3ca71', 35),
('c928443e-a395-45c3-8877-10a95fa3ca71', 32),
('c928443e-a395-45c3-8877-10a95fa3ca71', 37),
('42c408d7-1bfe-49cf-82aa-499945b28a2f', 34),
('42c408d7-1bfe-49cf-82aa-499945b28a2f', 37),
('2fc3562b-b3a8-41dd-ba73-7fc08a408082', 33),
('2fc3562b-b3a8-41dd-ba73-7fc08a408082', 34),
('2fc3562b-b3a8-41dd-ba73-7fc08a408082', 36),
('ea1d399f-5934-4b88-8d75-120ea5268270', 37),
('ea1d399f-5934-4b88-8d75-120ea5268270', 31);

-- place_preferences_link 테이블 데이터
INSERT INTO place_preferences_link (place_user_id, attribute_id) VALUES
('b068c20f-28cf-4574-9a1c-64bd38d6214a', 29),
('b068c20f-28cf-4574-9a1c-64bd38d6214a', 17),
('b068c20f-28cf-4574-9a1c-64bd38d6214a', 28),
('b068c20f-28cf-4574-9a1c-64bd38d6214a', 20),
('b068c20f-28cf-4574-9a1c-64bd38d6214a', 16),
('c2c8d86f-3076-4911-9947-e1aba3d0b08d', 24),
('c2c8d86f-3076-4911-9947-e1aba3d0b08d', 20),
('c2c8d86f-3076-4911-9947-e1aba3d0b08d', 19),
('c2c8d86f-3076-4911-9947-e1aba3d0b08d', 22),
('971afbff-d848-4b52-a5fa-f168b2de46ac', 26),
('971afbff-d848-4b52-a5fa-f168b2de46ac', 19),
('971afbff-d848-4b52-a5fa-f168b2de46ac', 24),
('971afbff-d848-4b52-a5fa-f168b2de46ac', 27),
('971afbff-d848-4b52-a5fa-f168b2de46ac', 25),
('635b7186-720b-4379-850c-24cec47442c0', 23),
('635b7186-720b-4379-850c-24cec47442c0', 30),
('635b7186-720b-4379-850c-24cec47442c0', 16),
('070a2f35-e7c7-471a-8b5d-e6c4ea14bb47', 24),
('070a2f35-e7c7-471a-8b5d-e6c4ea14bb47', 28),
('070a2f35-e7c7-471a-8b5d-e6c4ea14bb47', 19),
('070a2f35-e7c7-471a-8b5d-e6c4ea14bb47', 23),
('070a2f35-e7c7-471a-8b5d-e6c4ea14bb47', 27),
('070a2f35-e7c7-471a-8b5d-e6c4ea14bb47', 26),
('6b33fe78-258f-4f91-bf6b-cecfedd048ce', 22),
('6b33fe78-258f-4f91-bf6b-cecfedd048ce', 27),
('6b33fe78-258f-4f91-bf6b-cecfedd048ce', 25),
('6b33fe78-258f-4f91-bf6b-cecfedd048ce', 18),
('6b33fe78-258f-4f91-bf6b-cecfedd048ce', 30),
('592bae7c-9688-45ef-8ddb-0a8180c228f4', 30),
('592bae7c-9688-45ef-8ddb-0a8180c228f4', 18),
('592bae7c-9688-45ef-8ddb-0a8180c228f4', 23),
('592bae7c-9688-45ef-8ddb-0a8180c228f4', 20),
('592bae7c-9688-45ef-8ddb-0a8180c228f4', 29),
('61867788-1fc3-4487-a07e-c047a326a5f8', 28),
('61867788-1fc3-4487-a07e-c047a326a5f8', 23),
('61867788-1fc3-4487-a07e-c047a326a5f8', 29),
('351c5b29-4364-4822-aa7c-562d4048ddb6', 30),
('351c5b29-4364-4822-aa7c-562d4048ddb6', 19),
('351c5b29-4364-4822-aa7c-562d4048ddb6', 26),
('351c5b29-4364-4822-aa7c-562d4048ddb6', 21),
('351c5b29-4364-4822-aa7c-562d4048ddb6', 23),
('351c5b29-4364-4822-aa7c-562d4048ddb6', 27),
('f3acc83e-528b-4171-a4ca-c3e904f9543b', 25),
('f3acc83e-528b-4171-a4ca-c3e904f9543b', 17),
('f3acc83e-528b-4171-a4ca-c3e904f9543b', 27),
('f3acc83e-528b-4171-a4ca-c3e904f9543b', 21),
('f3acc83e-528b-4171-a4ca-c3e904f9543b', 19),
('f3acc83e-528b-4171-a4ca-c3e904f9543b', 30),
('d3f256ca-8b81-4e86-a90a-4fd2eb4ba7f8', 28),
('d3f256ca-8b81-4e86-a90a-4fd2eb4ba7f8', 30),
('d3f256ca-8b81-4e86-a90a-4fd2eb4ba7f8', 29),
('d3f256ca-8b81-4e86-a90a-4fd2eb4ba7f8', 26),
('3a5db46d-1f86-4311-8eb8-721574827e69', 18),
('3a5db46d-1f86-4311-8eb8-721574827e69', 21),
('3a5db46d-1f86-4311-8eb8-721574827e69', 17),
('3a5db46d-1f86-4311-8eb8-721574827e69', 26),
('3a5db46d-1f86-4311-8eb8-721574827e69', 27),
('92c7088a-b786-4b8f-ad81-fd856036060b', 25),
('92c7088a-b786-4b8f-ad81-fd856036060b', 21),
('92c7088a-b786-4b8f-ad81-fd856036060b', 20),
('92c7088a-b786-4b8f-ad81-fd856036060b', 24),
('92c7088a-b786-4b8f-ad81-fd856036060b', 18),
('cb919892-131a-43d3-8c00-c8d2b3ccb352', 24),
('cb919892-131a-43d3-8c00-c8d2b3ccb352', 28),
('cb919892-131a-43d3-8c00-c8d2b3ccb352', 19),
('cb919892-131a-43d3-8c00-c8d2b3ccb352', 16),
('cb919892-131a-43d3-8c00-c8d2b3ccb352', 22),
('cb919892-131a-43d3-8c00-c8d2b3ccb352', 21),
('c928443e-a395-45c3-8877-10a95fa3ca71', 16),
('c928443e-a395-45c3-8877-10a95fa3ca71', 28),
('c928443e-a395-45c3-8877-10a95fa3ca71', 22),
('c928443e-a395-45c3-8877-10a95fa3ca71', 19),
('42c408d7-1bfe-49cf-82aa-499945b28a2f', 28),
('42c408d7-1bfe-49cf-82aa-499945b28a2f', 18),
('42c408d7-1bfe-49cf-82aa-499945b28a2f', 16),
('42c408d7-1bfe-49cf-82aa-499945b28a2f', 26),
('42c408d7-1bfe-49cf-82aa-499945b28a2f', 23),
('42c408d7-1bfe-49cf-82aa-499945b28a2f', 21),
('2fc3562b-b3a8-41dd-ba73-7fc08a408082', 26),
('2fc3562b-b3a8-41dd-ba73-7fc08a408082', 17),
('2fc3562b-b3a8-41dd-ba73-7fc08a408082', 22),
('2fc3562b-b3a8-41dd-ba73-7fc08a408082', 20),
('2fc3562b-b3a8-41dd-ba73-7fc08a408082', 19),
('2fc3562b-b3a8-41dd-ba73-7fc08a408082', 24),
('ea1d399f-5934-4b88-8d75-120ea5268270', 21),
('ea1d399f-5934-4b88-8d75-120ea5268270', 25),
('ea1d399f-5934-4b88-8d75-120ea5268270', 30),
('ea1d399f-5934-4b88-8d75-120ea5268270', 19),
('ea1d399f-5934-4b88-8d75-120ea5268270', 23),
('ea1d399f-5934-4b88-8d75-120ea5268270', 16);

-- place_industries 테이블 데이터
INSERT INTO place_industries (place_user_id, attribute_id) VALUES
('b068c20f-28cf-4574-9a1c-64bd38d6214a', 5),
('c2c8d86f-3076-4911-9947-e1aba3d0b08d', 4),
('971afbff-d848-4b52-a5fa-f168b2de46ac', 7),
('635b7186-720b-4379-850c-24cec47442c0', 8),
('070a2f35-e7c7-471a-8b5d-e6c4ea14bb47', 6),
('6b33fe78-258f-4f91-bf6b-cecfedd048ce', 7),
('592bae7c-9688-45ef-8ddb-0a8180c228f4', 5),
('61867788-1fc3-4487-a07e-c047a326a5f8', 6),
('351c5b29-4364-4822-aa7c-562d4048ddb6', 4),
('f3acc83e-528b-4171-a4ca-c3e904f9543b', 3),
('d3f256ca-8b81-4e86-a90a-4fd2eb4ba7f8', 7),
('3a5db46d-1f86-4311-8eb8-721574827e69', 6),
('92c7088a-b786-4b8f-ad81-fd856036060b', 5),
('cb919892-131a-43d3-8c00-c8d2b3ccb352', 1),
('c928443e-a395-45c3-8877-10a95fa3ca71', 7),
('42c408d7-1bfe-49cf-82aa-499945b28a2f', 2),
('2fc3562b-b3a8-41dd-ba73-7fc08a408082', 4),
('ea1d399f-5934-4b88-8d75-120ea5268270', 4);

-- member_preferred_area_groups 테이블 데이터
INSERT INTO member_preferred_area_groups (member_user_id, group_id) VALUES
('c3d068ec-9928-42e0-9d5d-b71949e873cc', 8),
('c3d068ec-9928-42e0-9d5d-b71949e873cc', 6),
('c3d068ec-9928-42e0-9d5d-b71949e873cc', 2),
('3d832678-75d3-424f-b633-abd028f2070b', 2),
('3d832678-75d3-424f-b633-abd028f2070b', 6),
('5f3c0d83-8bbd-447e-87d3-251292a4d7ab', 8),
('3968363d-6057-438f-8e7f-ce9305a31e64', 7),
('3968363d-6057-438f-8e7f-ce9305a31e64', 5),
('3968363d-6057-438f-8e7f-ce9305a31e64', 8),
('79781150-d2c0-4cba-afef-41ab5912b863', 4),
('79781150-d2c0-4cba-afef-41ab5912b863', 5),
('942dbc91-10ce-44b8-a8a2-732fdf6c5a99', 4),
('942dbc91-10ce-44b8-a8a2-732fdf6c5a99', 8),
('d172fa27-9d81-47cb-823f-e05d4e75c0a0', 3),
('d172fa27-9d81-47cb-823f-e05d4e75c0a0', 8),
('1129d81f-3254-4396-9800-1968f796125e', 7),
('1129d81f-3254-4396-9800-1968f796125e', 1),
('6f6034cd-d7d4-4a34-8add-e0cfc5fa0687', 3),
('25ebe5ba-a574-4227-bbd4-751c40f56f28', 3),
('009d86de-7f5b-45d8-bc69-6aa45eb20c52', 2),
('009d86de-7f5b-45d8-bc69-6aa45eb20c52', 10),
('77ce7434-c2ee-4010-aa21-ed1c78e2555b', 10),
('cd994370-4179-47ae-9cf5-2fab7a0ef13f', 6),
('cd994370-4179-47ae-9cf5-2fab7a0ef13f', 2),
('cd994370-4179-47ae-9cf5-2fab7a0ef13f', 1),
('cb55e42f-7a38-4095-ad86-2a8ac9a19827', 3),
('cb55e42f-7a38-4095-ad86-2a8ac9a19827', 9),
('cb55e42f-7a38-4095-ad86-2a8ac9a19827', 8),
('57296b46-8e64-44d5-8667-13bf996aedd5', 1),
('57296b46-8e64-44d5-8667-13bf996aedd5', 10),
('57296b46-8e64-44d5-8667-13bf996aedd5', 9),
('625e6ee4-13bb-4588-be71-56c147ab420a', 4),
('625e6ee4-13bb-4588-be71-56c147ab420a', 2),
('625e6ee4-13bb-4588-be71-56c147ab420a', 8),
('7fe47825-0733-4762-a2e3-5e7a73b1985c', 1),
('d35f9776-7d20-4709-8338-3d7384f1c254', 10),
('d35f9776-7d20-4709-8338-3d7384f1c254', 7),
('967a8a5e-d7cd-42df-a69f-333a2f013910', 7),
('967a8a5e-d7cd-42df-a69f-333a2f013910', 9),
('967a8a5e-d7cd-42df-a69f-333a2f013910', 10),
('d4c705d8-9811-4439-a703-668fe20cdbea', 7),
('7ca318f6-f4dd-438e-a800-cbb3a260f4f4', 9),
('a8db94c5-0cbc-4730-9b52-a59fd83ee67f', 8),
('a8db94c5-0cbc-4730-9b52-a59fd83ee67f', 6),
('a8db94c5-0cbc-4730-9b52-a59fd83ee67f', 3),
('c5e9b06b-2309-4eb7-a440-8c1acd45ab1b', 3),
('c5e9b06b-2309-4eb7-a440-8c1acd45ab1b', 1),
('87738c03-d57d-41ef-840a-7680bf53d21d', 8);

-- 데이터 삽입 완료
